name,asset_class,asset_subclass,region,country_market,sector_style,market_cap_focus,maturity_focus,credit_quality,commodity_group,base_currency,hedged,hedge_currency,proxy_flag,proxy_type,data_source,validation_status,ticker_yfinance_pr,ticker_yfinance_tr,ticker_investiny,ticker_fred_tr,ticker_fred_yield,ticker_fred_oas,ticker_fred_spread,ticker_fred_duration,data_start,simple_dash
S&P 500,Equity,Equity Large Cap,North America,United States,,Large,,,,USD,False,,False,,yfinance PR,CONFIRMED,^GSPC,SPY,,,,,,,1927-12-30,True
Dow Jones Industrial Average,Equity,Equity Large Cap,North America,United States,,Large,,,,USD,False,,False,,yfinance PR,CONFIRMED,^DJI,DIA,,,,,,,1992-01-02,False
NASDAQ Composite,Equity,Equity Broad,North America,United States,,Broad,,,,USD,False,,False,,yfinance PR,CONFIRMED,^IXIC,QQQ,,,,,,,1971-02-05,False
NYSE Composite,Equity,Equity Broad,North America,United States,,Broad,,,,USD,False,,False,,yfinance PR,CONFIRMED,^NYA,,,,,,,,1965-12-31,False
Russell 1000,Equity,Equity Large Cap,North America,United States,,Large,,,,USD,False,,False,,yfinance PR,CONFIRMED,^RUI,IWB,,,,,,,1992-12-10,False
S&P MidCap 400,Equity,Equity Mid Cap,North America,United States,,Mid,,,,USD,False,,False,,yfinance PR,CONFIRMED,^MID,MDY,,,,,,,1981-01-02,False
Russell 2000,Equity,Equity Small Cap,North America,United States,,Small,,,,USD,False,,False,,yfinance PR,CONFIRMED,^RUT,IWM,,,,,,,1987-09-10,True
S&P SmallCap 600,Equity,Equity Small Cap,North America,United States,,Small,,,,USD,False,,False,,yfinance PR,CONFIRMED,^SP600,IJR,,,,,,,1989-01-03,False
S&P 500 Value,Equity,Equity Large Cap (Value),North America,United States,Value,Large,,,,USD,False,,False,,yfinance PR,CONFIRMED,^SP500V,IVE,,,,,,,2000-05-26,False
S&P 500 Growth,Equity,Equity Large Cap (Growth),North America,United States,Growth,Large,,,,USD,False,,False,,yfinance PR,CONFIRMED,^SP500G,IVW,,,,,,,2000-05-26,False
Russell 1000 Value,Equity,Equity Large Cap (Value),North America,United States,Value,Large,,,,USD,False,,False,,yfinance PR,CONFIRMED,^RLV,IWD,,,,,,,2002-09-30,False
Russell 1000 Growth,Equity,Equity Large Cap (Growth),North America,United States,Growth,Large,,,,USD,False,,False,,yfinance PR,CONFIRMED,^RLG,IWF,,,,,,,2002-09-30,True
Russell 2000 Value,Equity,Equity Small Cap (Value),North America,United States,Value,Small,,,,USD,False,,False,,yfinance PR,CONFIRMED,^RUJ,IWN,,,,,,,2002-09-30,False
Russell 2000 Growth,Equity,Equity Small Cap (Growth),North America,United States,Growth,Small,,,,USD,False,,False,,yfinance PR,CONFIRMED,^RUO,IWO,,,,,,,2002-09-30,False
S&P 500 Energy,Equity,Equity Sector,North America,United States,Energy,Large,,,,USD,False,,False,,yfinance PR,CONFIRMED,^GSPE,XLE,,,,,,,1993-05-04,True
S&P 500 Materials,Equity,Equity Sector,North America,United States,Materials,Large,,,,USD,False,,False,,yfinance PR,CONFIRMED,^SP500-15,XLB,,,,,,,1993-05-04,True
S&P 500 Industrials,Equity,Equity Sector,North America,United States,Industrials,Large,,,,USD,False,,False,,yfinance PR,CONFIRMED,^SP500-20,XLI,,,,,,,1993-05-04,True
S&P 500 Consumer Discretionary,Equity,Equity Sector,North America,United States,Consumer Discretionary,Large,,,,USD,False,,False,,yfinance PR,CONFIRMED,^SP500-25,XLY,,,,,,,1993-05-04,True
S&P 500 Consumer Staples,Equity,Equity Sector,North America,United States,Consumer Staples,Large,,,,USD,False,,False,,yfinance PR,CONFIRMED,^SP500-30,XLP,,,,,,,1993-05-04,True
S&P 500 Health Care,Equity,Equity Sector,North America,United States,Health Care,Large,,,,USD,False,,False,,yfinance PR,CONFIRMED,^SP500-35,XLV,,,,,,,1993-05-04,True
S&P 500 Financials,Equity,Equity Sector,North America,United States,Financials,Large,,,,USD,False,,False,,yfinance PR,CONFIRMED,^SP500-40,XLF,,,,,,,1993-05-04,True
S&P 500 Information Technology,Equity,Equity Sector,North America,United States,Information Technology,Large,,,,USD,False,,False,,yfinance PR,CONFIRMED,^SP500-45,XLK,,,,,,,1993-05-04,True
S&P 500 Communication Services,Equity,Equity Sector,North America,United States,Communication Services,Large,,,,USD,False,,False,,yfinance PR,CONFIRMED,^SP500-50,XLC,,,,,,,1993-05-04,True
S&P 500 Utilities,Equity,Equity Sector,North America,United States,Utilities,Large,,,,USD,False,,False,,yfinance PR,CONFIRMED,^SP500-55,XLU,,,,,,,1993-05-04,True
S&P 500 Real Estate,Equity,Equity Sector,North America,United States,Real Estate,Large,,,,USD,False,,False,,yfinance PR,CONFIRMED,^SP500-60,XLRE,,,,,,,2001-10-09,True
FTSE 100,Equity,Equity Large Cap,UK,United Kingdom,,Large,,,,GBP,False,,False,,yfinance PR,CONFIRMED,^FTSE,ISF.L,,,,,,,1984-01-03,True
FTSE 250,Equity,Equity Mid Cap,UK,United Kingdom,,Mid,,,,GBP,False,,False,,yfinance PR,CONFIRMED,^FTMC,VMID.L,,,,,,,1985-12-31,True
FTSE All-Share,Equity,Equity Broad,UK,United Kingdom,,Broad,,,,GBP,False,,False,,yfinance PR,CONFIRMED,^FTAS,ISFA.L,,,,,,,1980-02-11,False
FTSE SmallCap,Equity,Equity Small Cap,UK,United Kingdom,,Small,,,,GBP,False,,False,,yfinance PR,CONFIRMED,^FTSC,,,,,,,,1993-02-19,False
DAX 40,Equity,Equity Large Cap,Europe,Germany,,Large,,,,EUR,False,,False,,yfinance PR,CONFIRMED,^GDAXI,EXS1.DE,,,,,,,1987-12-30,True
MDAX,Equity,Equity Mid Cap,Europe,Germany,,Mid,,,,EUR,False,,False,,yfinance PR,CONFIRMED,^MDAXI,EXS3.DE,,,,,,,1996-02-29,False
SDAX,Equity,Equity Small Cap,Europe,Germany,,Small,,,,EUR,False,,False,,yfinance PR,CONFIRMED,^SDAXI,,,,,,,,2013-03-05,False
TecDAX,Equity,,Europe,Germany,,,,,,EUR,False,,False,,yfinance PR,CONFIRMED,^TECDAX,,,,,,,,1998-01-02,False
CAC 40,Equity,Equity Large Cap,Europe,France,,Large,,,,EUR,False,,False,,yfinance PR,CONFIRMED,^FCHI,C40.PA,,,,,,,1990-03-01,False
CAC Mid 60,Equity,Equity Mid Cap,Europe,France,,Mid,,,,EUR,False,,False,,yfinance PR,CONFIRMED,^CM100,,,,,,,,1999-01-25,False
FTSE MIB Index,Equity,,Europe,Italy,,,,,,EUR,False,,False,,yfinance PR,CONFIRMED,FTSEMIB.MI,IMIB.MI,,,,,,,1997-12-31,False
Nikkei 225,Equity,Equity Large Cap,Japan,Japan,,Large,,,,JPY,False,,False,,yfinance PR,CONFIRMED,^N225,1321.T,,,,,,,1965-01-05,True
TOPIX Index,Equity,Equity Broad,Japan,Japan,,Broad,,,,JPY,False,,False,,yfinance PR,CONFIRMED,^TOPX,1306.T,,,,,,,2008-01-04,False
S&P/TSX Composite,Equity,Equity Broad,North America,Canada,,Broad,,,,CAD,False,,False,,yfinance PR,CONFIRMED,^GSPTSE,XIU.TO,,,,,,,1979-06-29,False
S&P/TSX 60,Equity,,North America,Canada,,,,,,CAD,False,,False,,yfinance PR,CONFIRMED,^TX60,XIU.TO,,,,,,,1999-10-04,False
S&P/TSX SmallCap,Equity,Equity Small Cap,North America,Canada,,Small,,,,CAD,False,,False,,yfinance PR,CONFIRMED,^TSXV,XCS.TO,,,,,,,2007-05-18,False
S&P/ASX 200,Equity,,Asia Pacific,Australia,,,,,,AUD,False,,False,,yfinance PR,CONFIRMED,^AXJO,IOZ.AX,,,,,,,1992-11-23,False
S&P/ASX All Ordinaries,Equity,,Asia Pacific,Australia,,,,,,AUD,False,,False,,yfinance PR,CONFIRMED,^AORD,VAS.AX,,,,,,,1984-08-03,False
S&P/ASX Small Ordinaries,Equity,,Asia Pacific,Australia,,,,,,AUD,False,,False,,yfinance PR,CONFIRMED,^AXSO,SSO.AX,,,,,,,2004-05-03,False
Shanghai Composite,Equity,Equity Broad,Asia Pacific,China,,Broad,,,,CNY,False,,False,,yfinance PR,CONFIRMED,000001.SS,,,,,,,,1997-07-02,True
CSI 300 Index,Equity,,Asia Pacific,China,,,,,,CNY,False,,False,,yfinance PR,CONFIRMED,000300.SS,ASHR,,,,,,,2021-03-11,False
CSI 500 Index,Equity,,Asia Pacific,China,,,,,,CNY,False,,False,,yfinance PR,UNAVAILABLE,000905.SS,,,,,,,,,False
CSI 1000 Index,Equity,,Asia Pacific,China,,,,,,CNY,False,,False,,yfinance PR,UNAVAILABLE,000852.SS,,,,,,,,,False
Hang Seng Index,Equity,,Asia Pacific,Hong Kong,,,,,,HKD,False,,False,,yfinance PR,CONFIRMED,^HSI,2800.HK,,,,,,,1986-12-31,False
S&P BSE Sensex,Equity,Equity Large Cap,Asia Pacific,India,,Large,,,,INR,False,,False,,yfinance PR,CONFIRMED,^BSESN,SENSEXBEES.NS,,,,,,,1997-07-01,True
Nifty 50,Equity,Equity Large Cap,Asia Pacific,India,,Large,,,,INR,False,,False,,yfinance PR,CONFIRMED,^NSEI,NIFTYBEES.NS,,,,,,,2007-09-17,True
Nifty Midcap 100,Equity,Equity Mid Cap,Asia Pacific,India,,Mid,,,,INR,False,,False,,yfinance PR,CONFIRMED,^CRSMID,MID150BEES.NS,,,,,,,2007-09-17,False
Nifty Smallcap 100,Equity,Equity Small Cap,Asia Pacific,India,,Small,,,,INR,False,,False,,yfinance PR,CONFIRMED,^CNXSC,SMALLCAP.NS,,,,,,,2024-03-18,False
Bovespa (IBOVESPA),Equity,,Latin America,Brazil,,,,,,BRL,False,,False,,yfinance PR,CONFIRMED,^BVSP,BOVA11.SA,,,,,,,1993-04-27,False
KOSPI,Equity,,Asia Pacific,South Korea,,,,,,KRW,False,,False,,yfinance PR,CONFIRMED,^KS11,069500.KS,,,,,,,1996-12-11,False
KOSPI 200,Equity,Equity Large Cap,Asia Pacific,South Korea,,Large,,,,KRW,False,,False,,yfinance PR,CONFIRMED,^KS200,069500.KS,,,,,,,1996-03-20,False
KOSDAQ,Equity,,Asia Pacific,South Korea,,,,,,KRW,False,,False,,yfinance PR,CONFIRMED,^KQ11,,,,,,,,2000-10-16,False
S&P/BMV IPC Index (Mexico),Equity,,Latin America,Mexico,,,,,,MXN,False,,False,,yfinance PR,CONFIRMED,^MXX,NAFTRAC.MX,,,,,,,1991-11-08,False
Jakarta Composite (IDX Composite),Equity,Equity Broad,Asia Pacific,Indonesia,,Broad,,,,IDR,False,,False,,yfinance PR,CONFIRMED,^JKSE,,,,,,,,1990-04-06,False
Tadawul All Share Index (Saudi),Equity,Equity Broad,Middle East & Africa,Saudi Arabia,,Broad,,,,SAR,False,,False,,yfinance PR,CONFIRMED,^TASI.SR,,,,,,,,1998-10-19,False
FTSE/JSE All Share,Equity,Equity Broad,Middle East & Africa,South Africa,,Broad,,,,ZAR,False,,False,,yfinance PR,CONFIRMED,^J203.JO,,,,,,,,2012-02-08,False
FTSE/JSE Top 40,Equity,,Middle East & Africa,South Africa,,,,,,ZAR,False,,False,,yfinance PR,CONFIRMED,^J200.JO,STX40.JO,,,,,,,1995-06-30,False
Borsa Istanbul 100,Equity,,Europe,Turkey,,,,,,TRY,False,,False,,yfinance PR,CONFIRMED,XU100.IS,,,,,,,,1997-07-01,False
Borsa Istanbul 30,Equity,,Europe,Turkey,,,,,,TRY,False,,False,,yfinance PR,CONFIRMED,XU030.IS,,,,,,,,1997-01-02,False
MERVAL (Argentina),Equity,,Latin America,Argentina,,,,,,ARS,False,,False,,yfinance PR,CONFIRMED,^MERV,,,,,,,,1996-10-08,False
Euro Stoxx 50,Equity,Equity Large Cap,Europe,Developed Europe,,Large,,,,EUR,False,,False,,yfinance PR,CONFIRMED,^STOXX50E,FEZ,,,,,,,2007-03-30,True
STOXX Europe 600,Equity,Equity Broad,Europe,Developed Europe,,Broad,,,,EUR,False,,False,,yfinance PR,CONFIRMED,^STOXX,EXSA.DE,,,,,,,2004-04-26,False
STOXX Europe 600 Banks,Equity,Equity Sector,Europe,Europe,,Broad,,,,EUR,False,,False,,yfinance PR,CONFIRMED,^SX7E,EXV1.DE,,,,,,,2008-01-02,False
STOXX Europe 600 Health Care,Equity,Equity Sector,Europe,Europe,Health Care,Broad,,,,EUR,False,,False,,yfinance PR,CONFIRMED,^SXDP,EXV4.DE,,,,,,,2008-01-02,False
STOXX Europe 600 Technology,Equity,Equity Sector,Europe,Europe,Information Technology,Broad,,,,EUR,False,,False,,yfinance PR,CONFIRMED,^SX8P,EXV3.DE,,,,,,,2008-01-02,False
STOXX Europe 600 Energy,Equity,Equity Sector,Europe,Europe,Energy,Broad,,,,EUR,False,,False,,yfinance PR,CONFIRMED,^SXEP,EXH1.DE,,,,,,,2008-01-02,False
STOXX Europe 600 Industrials,Equity,Equity Sector,Europe,Europe,Industrials,Broad,,,,EUR,False,,False,,yfinance PR,CONFIRMED,^SXNP,EXH4.DE,,,,,,,2008-01-02,False
STOXX Europe 600 Consumer Staples,Equity,Equity Sector,Europe,Europe,Consumer Staples,Broad,,,,EUR,False,,False,,yfinance PR,CONFIRMED,^SX3P,EXH3.DE,,,,,,,2008-01-02,False
STOXX Europe 600 Utilities,Equity,Equity Sector,Europe,Europe,Utilities,Broad,,,,EUR,False,,False,,yfinance PR,CONFIRMED,^SX6P,EXH9.DE,,,,,,,2008-01-02,False
STOXX Europe 600 Telecom,Equity,Equity Sector,Europe,Europe,,Broad,,,,EUR,False,,False,,yfinance PR,CONFIRMED,^SXKP,EXV2.DE,,,,,,,2008-01-02,False
STOXX Europe 600 Real Estate,Equity,Equity Sector,Europe,Europe,Real Estate,Broad,,,,EUR,False,,False,,yfinance PR,CONFIRMED,^SX4P,EXI5.DE,,,,,,,2008-01-02,False
iShares MSCI ACWI ETF,Equity,Equity Broad,Global,Global,,Broad,,,,USD,False,,True,ETF,yfinance TR,CONFIRMED,,ACWI,,,,,,,2008-03-28,False
iShares MSCI World ETF,Equity,Equity Broad,Global,Global,,Broad,,,,USD,False,,True,ETF,yfinance TR,CONFIRMED,,URTH,,,,,,,2012-01-12,False
iShares MSCI Emerging Markets ETF,Equity,Equity Broad,Emerging Markets,Emerging Markets,Blend,Broad,,,,USD,False,,True,ETF,yfinance TR,CONFIRMED,,EEM,,,,,,,2003-04-14,False
iShares MSCI Japan ETF,Equity,Equity Broad,Japan,Japan,Blend,Broad,,,,USD,False,,True,ETF,yfinance TR,CONFIRMED,,EWJ,,,,,,,1996-03-18,True
iShares MSCI All Country Asia ex Japan ETF,Equity,Equity Broad,Asia ex Japan,Asia ex Japan,Blend,Broad,,,,USD,False,,True,ETF,yfinance TR,CONFIRMED,,AAXJ,,,,,,,2008-08-15,True
iShares MSCI Eurozone ETF (MSCI Europe ex UK proxy),Equity,Equity Broad,Europe,Europe,Blend,Broad,,,,USD,False,,True,ETF,yfinance TR,CONFIRMED,,EZU,,,,,,,2000-07-31,False
S&P 500 Capital Goods,Equity,Equity Industry Group,North America,United States,Equity Industry Group,Large,,,,USD,False,,False,,yfinance PR,CONFIRMED,^SP500-2010,,,,,,,,2000-01-07,False
S&P 500 Commercial & Professional Services,Equity,Equity Industry Group,North America,United States,Equity Industry Group,Large,,,,USD,False,,False,,yfinance PR,CONFIRMED,^SP500-2020,,,,,,,,2000-02-29,False
S&P 500 Transportation,Equity,Equity Industry Group,North America,United States,Equity Industry Group,Large,,,,USD,False,,False,,yfinance PR,CONFIRMED,^SP500-2030,,,,,,,,2000-01-07,False
S&P 500 Automobiles & Components,Equity,Equity Industry Group,North America,United States,Equity Industry Group,Large,,,,USD,False,,False,,yfinance PR,CONFIRMED,^SP500-2510,,,,,,,,2000-01-07,False
S&P 500 Consumer Durables & Apparel,Equity,Equity Industry Group,North America,United States,Equity Industry Group,Large,,,,USD,False,,False,,yfinance PR,CONFIRMED,^SP500-2520,,,,,,,,2000-01-07,False
S&P 500 Consumer Services,Equity,Equity Industry Group,North America,United States,Equity Industry Group,Large,,,,USD,False,,False,,yfinance PR,CONFIRMED,^SP500-2530,,,,,,,,2000-01-07,False
S&P 500 Consumer Discretionary Distribution & Retail,Equity,Equity Industry Group,North America,United States,Equity Industry Group,Large,,,,USD,False,,False,,yfinance PR,CONFIRMED,^SP500-2550,,,,,,,,1994-12-27,False
S&P 500 Food & Staples Retailing,Equity,Equity Industry Group,North America,United States,Equity Industry Group,Large,,,,USD,False,,False,,yfinance PR,CONFIRMED,^SP500-3010,,,,,,,,2000-01-07,False
S&P 500 Food Beverage & Tobacco,Equity,Equity Industry Group,North America,United States,Equity Industry Group,Large,,,,USD,False,,False,,yfinance PR,CONFIRMED,^SP500-3020,,,,,,,,2000-01-07,False
S&P 500 Household & Personal Products,Equity,Equity Industry Group,North America,United States,Equity Industry Group,Large,,,,USD,False,,False,,yfinance PR,CONFIRMED,^SP500-3030,,,,,,,,2000-02-22,False
S&P 500 Health Care Equipment & Services,Equity,Equity Industry Group,North America,United States,Equity Industry Group,Large,,,,USD,False,,False,,yfinance PR,CONFIRMED,^SP500-3510,,,,,,,,2000-01-07,False
S&P 500 Pharma Biotech & Life Sciences,Equity,Equity Industry Group,North America,United States,Equity Industry Group,Large,,,,USD,False,,False,,yfinance PR,CONFIRMED,^SP500-3520,,,,,,,,2000-01-07,False
S&P 500 Banks,Equity,Equity Industry Group,North America,United States,Equity Industry Group,Large,,,,USD,False,,False,,yfinance PR,CONFIRMED,^SP500-4010,,,,,,,,1994-12-27,False
S&P 500 Financial Services,Equity,Equity Industry Group,North America,United States,Equity Industry Group,Large,,,,USD,False,,False,,yfinance PR,CONFIRMED,^SP500-4020,,,,,,,,2000-01-07,False
S&P 500 Insurance,Equity,Equity Industry Group,North America,United States,Equity Industry Group,Large,,,,USD,False,,False,,yfinance PR,CONFIRMED,^SP500-4030,,,,,,,,1994-12-27,False
S&P 500 Software & Services,Equity,Equity Industry Group,North America,United States,Equity Industry Group,Large,,,,USD,False,,False,,yfinance PR,CONFIRMED,^SP500-4510,,,,,,,,2000-01-07,False
S&P 500 Technology Hardware & Equipment,Equity,Equity Industry Group,North America,United States,Equity Industry Group,Large,,,,USD,False,,False,,yfinance PR,CONFIRMED,^SP500-4520,,,,,,,,2000-01-07,False
S&P 500 Semiconductors & Equipment,Equity,Equity Industry Group,North America,United States,Equity Industry Group,Large,,,,USD,False,,False,,yfinance PR,CONFIRMED,^SP500-4530,,,,,,,,2003-05-02,False
S&P 500 Telecommunication Services,Equity,Equity Industry Group,North America,United States,Equity Industry Group,Large,,,,USD,False,,False,,yfinance PR,CONFIRMED,^SP500-5010,,,,,,,,1994-12-30,False
S&P 500 Media & Entertainment,Equity,Equity Industry Group,North America,United States,Equity Industry Group,Large,,,,USD,False,,False,,yfinance PR,CONFIRMED,^SP500-5020,,,,,,,,2000-01-07,False
S&P 500 Equity Real Estate Investment Trusts,Equity,Equity Industry Group,North America,United States,Equity Industry Group,Large,,,,USD,False,,False,,yfinance PR,UNAVAILABLE,^SP500-6020,,,,,,,,,False
Nifty IT,Equity,,Asia Pacific,India,,,,,,INR,False,,False,,yfinance PR,CONFIRMED,^CNXIT,,,,,,,,2007-09-17,False
Nifty Auto,Equity,,Asia Pacific,India,,,,,,INR,False,,False,,yfinance PR,CONFIRMED,^CNXAUTO,,,,,,,,2011-07-12,False
Nifty Bank,Equity,,Asia Pacific,India,,,,,,INR,False,,False,,yfinance PR,CONFIRMED,^NSEBANK,,,,,,,,2007-09-17,False
Nifty Energy,Equity,Equity Sector,Asia Pacific,India,Energy,,,,,INR,False,,False,,yfinance PR,CONFIRMED,^CNXENERGY,,,,,,,,2011-01-31,False
Nifty FMCG,Equity,,Asia Pacific,India,,,,,,INR,False,,False,,yfinance PR,CONFIRMED,^CNXFMCG,,,,,,,,2011-01-31,False
Nifty Infrastructure,Equity,,Asia Pacific,India,,,,,,INR,False,,False,,yfinance PR,CONFIRMED,^CNXINFRA,,,,,,,,2010-07-19,False
Nifty Metal,Equity,,Asia Pacific,India,,,,,,INR,False,,False,,yfinance PR,CONFIRMED,^CNXMETAL,,,,,,,,2011-07-12,False
Nifty Pharma,Equity,,Asia Pacific,India,,,,,,INR,False,,False,,yfinance PR,CONFIRMED,^CNXPHARMA,,,,,,,,2011-01-31,False
Nifty Realty,Equity,,Asia Pacific,India,,,,,,INR,False,,False,,yfinance PR,CONFIRMED,^CNXREALTY,,,,,,,,2010-07-19,False
CBOE VIX Volatility Index,Volatility,,,,,,,,,USD,False,,False,,yfinance PR,CONFIRMED,^VIX,,,,,,,,1990-01-02,True
CBOE VIX9D - 9-Day VIX,Volatility,,North America,United States,,,,,,USD,False,,False,,yfinance PR,CONFIRMED,^VIX9D,,,,,,,,2011-01-03,False
CBOE VIX3M - 3-Month VIX,Volatility,,North America,United States,,,,,,USD,False,,False,,yfinance PR,CONFIRMED,^VIX3M,,,,,,,,2006-07-17,False
CBOE VVIX - Volatility of VIX,Volatility,,North America,United States,,,,,,USD,False,,False,,yfinance PR,CONFIRMED,^VVIX,,,,,,,,2007-01-03,False
CBOE SKEW Index,Volatility,,North America,United States,,,,,,USD,False,,False,,yfinance PR,CONFIRMED,^SKEW,,,,,,,,1990-01-02,False
CBOE VXEFA - EAFE Volatility,Volatility,,North America,United States,,,,,,USD,False,,False,,yfinance PR,CONFIRMED,^VXEFA,,,,,,,,2023-06-26,False
CBOE VXEEM - EM Volatility,Volatility,,North America,United States,,,,,,USD,False,,False,,yfinance PR,UNAVAILABLE,^VXEEM,,,,,,,,,False
MOVE Index - Bond Volatility,Volatility,,,,,,,,,USD,False,,False,,yfinance PR,CONFIRMED,^MOVE,,,,,,,,2002-11-12,False
CBOE GVZ - Gold Volatility Index,Volatility,Volatility,Global,United States,,,,,,USD,False,,False,,yfinance PR,CONFIRMED,^GVZ,,,,,,,,2008-06-03,False
CBOE OVX - Crude Oil Volatility,Volatility,Volatility,Global,United States,,,,,,USD,False,,False,,yfinance PR,CONFIRMED,^OVX,,,,,,,,2007-05-10,False
NYSE FANG+ Index,Equity,,,,,,,,,USD,False,,False,,yfinance PR,CONFIRMED,^NYFANG,,,,,,,,2014-09-22,False
S&P 500 Equal Weight Index,Equity,Equity Large Cap,North America,United States,,Large,,,,USD,False,,False,,yfinance PR,CONFIRMED,^SPXEW,RSP,,,,,,,2006-12-08,False
Russell Midcap Growth Index,Equity,Equity Mid Cap (Growth),North America,United States,Growth,Mid,,,,USD,False,,False,,yfinance PR,CONFIRMED,^RMCCG,IWP,,,,,,,2001-08-02,False
Russell Midcap Value Index,Equity,Equity Mid Cap (Value),North America,United States,Value,Mid,,,,USD,False,,False,,yfinance PR,CONFIRMED,^RMCCV,IWS,,,,,,,2001-08-02,False
Wilshire US Large-Cap Growth Index,Equity,Equity Large Cap (Growth),North America,United States,Growth,Large,,,,USD,False,,False,,UNAVAILABLE,UNAVAILABLE,,,,,,,,,,False
Wilshire US Large-Cap Value Index,Equity,Equity Large Cap (Value),North America,United States,Value,Large,,,,USD,False,,False,,UNAVAILABLE,UNAVAILABLE,,,,,,,,,,False
Wilshire US Mid-Cap Growth Index,Equity,Equity Mid Cap (Growth),North America,United States,Growth,Mid,,,,USD,False,,False,,UNAVAILABLE,UNAVAILABLE,,,,,,,,,,False
Wilshire US Mid-Cap Value Index,Equity,Equity Mid Cap (Value),North America,United States,Value,Mid,,,,USD,False,,False,,UNAVAILABLE,UNAVAILABLE,,,,,,,,,,False
Wilshire US Small-Cap Growth Index,Equity,Equity Small Cap (Growth),North America,United States,Growth,Small,,,,USD,False,,False,,UNAVAILABLE,UNAVAILABLE,,,,,,,,,,False
Wilshire US Small-Cap Value Index,Equity,Equity Small Cap (Value),North America,United States,Value,Small,,,,USD,False,,False,,UNAVAILABLE,UNAVAILABLE,,,,,,,,,,False
iShares MSCI USA Momentum Factor ETF,Equity,Factor,North America,United States,Factor,Large,,,,USD,False,,True,ETF,yfinance TR,CONFIRMED,,MTUM,,,,,,,2013-04-18,False
Vanguard Dividend Appreciation ETF,Equity,Factor,North America,United States,Value,Large,,,,USD,False,,True,ETF,yfinance TR,CONFIRMED,,VIG,,,,,,,2006-05-02,False
iShares MSCI USA Quality Factor ETF,Equity,Factor,North America,United States,Factor,Large,,,,USD,False,,True,ETF,yfinance TR,CONFIRMED,,QUAL,,,,,,,2013-07-18,False
Schwab US Dividend Equity ETF,Equity,Factor,North America,United States,Value,Large,,,,USD,False,,True,ETF,yfinance TR,CONFIRMED,,SCHD,,,,,,,2011-10-20,False
Invesco S&P 500 Low Volatility ETF,Equity,Factor,North America,United States,Factor,Large,,,,USD,False,,True,ETF,yfinance TR,CONFIRMED,,SPLV,,,,,,,2011-05-05,False
iShares MSCI USA Min Vol Factor ETF,Equity,Factor,North America,United States,Factor,Large,,,,USD,False,,True,ETF,yfinance TR,CONFIRMED,,USMV,,,,,,,2011-10-20,False
iShares MSCI Europe Momentum Factor UCITS ETF,Equity,Factor,Europe,Europe,Factor,,,,,GBP,False,,True,ETF,yfinance TR,CONFIRMED,,IEFM.L,,,,,,,2015-01-19,False
iShares MSCI Europe Min Vol UCITS ETF,Equity,Factor,Europe,Europe,Factor,,,,,EUR,False,,True,ETF,yfinance TR,CONFIRMED,,EUN0.DE,,,,,,,2013-02-18,False
iShares MSCI Europe Quality Factor UCITS ETF,Equity,Factor,Europe,Europe,Factor,,,,,GBP,False,,True,ETF,yfinance TR,CONFIRMED,,IEFQ.L,,,,,,,2015-01-19,False
SPDR S&P UK Dividend Aristocrats UCITS ETF,Equity,Factor,UK,United Kingdom,Value,,,,,GBP,False,,True,ETF,yfinance TR,CONFIRMED,,UKDV.L,,,,,,,2012-02-28,False
SPDR S&P Euro Dividend Aristocrats UCITS ETF,Equity,Factor,Europe,Germany,Value,,,,,EUR,False,,True,ETF,yfinance TR,CONFIRMED,,SPYW.DE,,,,,,,2012-02-29,False
iShares MSCI World Small Cap UCITS ETF,Equity,Equity Small Cap,Global,Global,,Small,,,,USD,False,,True,ETF,yfinance TR,CONFIRMED,,WSML.L,,,,,,,2018-03-27,False
iShares MSCI World Quality Factor UCITS ETF,Equity,Factor,Global,Global,Factor,Broad,,,,USD,False,,True,ETF,yfinance TR,CONFIRMED,,IWQU.L,,,,,,,2014-10-06,False
iShares MSCI World Min Vol UCITS ETF,Equity,Factor,Global,Global,Factor,Broad,,,,GBP,False,,True,ETF,yfinance TR,CONFIRMED,,MINV.L,,,,,,,2012-11-30,False
iShares MSCI World Momentum UCITS ETF,Equity,Factor,Global,Global,Factor,Broad,,,,USD,False,,True,ETF,yfinance TR,CONFIRMED,,IWMO.L,,,,,,,2014-10-06,False
SPDR S&P Global Dividend Aristocrats UCITS ETF,Equity,Factor,Global,Global,Value,,,,,EUR,False,,True,ETF,yfinance TR,CONFIRMED,,ZPRG.DE,,,,,,,2013-05-16,False
iShares MSCI World Value Factor UCITS ETF,Equity,Factor,Global,Global,Value,Broad,,,,USD,False,,True,ETF,yfinance TR,CONFIRMED,,IWVL.L,,,,,,,2014-10-06,False
iShares MSCI ACWI Min Vol Factor ETF,Equity,Factor,Global,Global,Factor,Broad,,,,USD,False,,True,ETF,yfinance TR,CONFIRMED,,ACWV,,,,,,,2011-10-20,False
iShares MSCI EAFE Small-Cap ETF,Equity,Equity Small Cap,North America,United States,Blend,Small,,,,USD,False,,True,ETF,yfinance TR,CONFIRMED,,SCZ,,,,,,,2007-12-12,False
iShares Latin America 40 ETF,Equity,Equity Broad,North America,United States,Blend,Broad,,,,USD,False,,True,ETF,yfinance TR,CONFIRMED,,ILF,,,,,,,2001-10-26,True
DXY Dollar Index,FX,,North America,United States,,,,,,USD,False,,False,,yfinance PR,CONFIRMED,DX-Y.NYB,,,,,,,,1971-01-04,True
GBP/USD,FX,,Global,Global,,,,,,USD,False,,False,,yfinance PR,CONFIRMED,GBPUSD=X,,,,,,,,2003-12-01,True
EUR/USD,FX,,Global,Global,,,,,,USD,False,,False,,yfinance PR,CONFIRMED,EURUSD=X,,,,,,,,2003-12-01,True
USD/JPY,FX,,Global,Global,,,,,,USD,False,,False,,yfinance PR,CONFIRMED,USDJPY=X,,,,,,,,1996-10-30,True
USD/CNY,FX,,Global,Global,,,,,,USD,False,,False,,yfinance PR,CONFIRMED,CNY=X,,,,,,,,2001-06-25,True
USD/INR,FX,,Global,Global,,,,,,USD,False,,False,,yfinance PR,CONFIRMED,INR=X,,,,,,,,2003-12-01,True
USD/KRW,FX,,Global,Global,,,,,,USD,False,,False,,yfinance PR,CONFIRMED,KRW=X,,,,,,,,2003-12-01,True
USD/TWD,FX,,Global,Global,,,,,,USD,False,,False,,yfinance PR,CONFIRMED,TWD=X,,,,,,,,2004-03-24,True
Bitcoin,Crypto,,Global,Global,,,,,,USD,False,,False,,yfinance PR,CONFIRMED,BTC-USD,,,,,,,,2014-09-17,True
Ethereum,Crypto,,Global,Global,,,,,,USD,False,,False,,yfinance PR,CONFIRMED,ETH-USD,,,,,,,,2017-11-09,True
US 3-Month Treasury Yield,Rates,,,,,,,,,USD,False,,False,,yfinance PR,CONFIRMED,^IRX,,,,,,,,1960-01-04,True
US 5-Year Treasury Yield,Rates,,,,,,,,,USD,False,,False,,yfinance PR,CONFIRMED,^FVX,,,,,,,,1962-01-02,True
US 10-Year Treasury Yield,Rates,,,,,,,,,USD,False,,False,,yfinance PR,CONFIRMED,^TNX,,,,,,,,1962-01-02,True
US 30-Year Treasury Yield,Rates,,,,,,,,,USD,False,,False,,yfinance PR,CONFIRMED,^TYX,,,,,,,,1977-02-15,True
US 2-Year Treasury Yield,Rates,,,,,,,,,,False,,False,,UNAVAILABLE,CONFIRMED,,,,,DGS2,,,,1976-06-01,True
UK 10-Year Gilt Yield,Rates,,UK,United Kingdom,,,,,,GBP,False,,False,,UNAVAILABLE,CONFIRMED,,,,,IRLTLT01GBM156N,,,,1960-01-01,True
Germany 10-Year Bund Yield,Rates,,Europe,Germany,,,,,,EUR,False,,False,,UNAVAILABLE,CONFIRMED,,,,,IRLTLT01DEM156N,,,,1956-05-01,True
Japan 10-Year JGB Yield,Rates,,Japan,Japan,,,,,,JPY,False,,False,,UNAVAILABLE,CONFIRMED,,,,,IRLTLT01JPM156N,,,,1989-01-01,True
5-Year Breakeven Inflation Rate,Rates,,,,,,,,,,False,,False,,UNAVAILABLE,CONFIRMED,,,,,T5YIE,,,,2003-01-02,False
10-Year Breakeven Inflation Rate,Rates,,,,,,,,,,False,,False,,UNAVAILABLE,CONFIRMED,,,,,T10YIE,,,,2003-01-02,False
5-Year 5-Year Forward Inflation Rate,Rates,,,,,,,,,,False,,False,,UNAVAILABLE,CONFIRMED,,,,,T5YIFR,,,,2003-01-02,False
US 10Y-2Y Treasury Yield Spread,Rates,,,,,,,,,,False,,False,,UNAVAILABLE,CONFIRMED,,,,,,,T10Y2Y,,1976-06-01,False
US 10Y-3M Treasury Yield Spread,Rates,,,,,,,,,,False,,False,,UNAVAILABLE,CONFIRMED,,,,,,,T10Y3M,,1982-01-04,False
Federal Funds Effective Rate,Rates,,North America,United States,,,,,,USD,False,,False,,UNAVAILABLE,CONFIRMED,,,,,DFF,,,,1954-07-01,False
Secured Overnight Financing Rate (SOFR),Rates,,North America,United States,,,,,,USD,False,,False,,UNAVAILABLE,CONFIRMED,,,,,SOFR,,,,2018-04-03,False
iShares Global Energy ETF,Equity,Equity Sector,Global,Global,Energy,,,,,USD,False,,False,,yfinance PR,CONFIRMED,IXC,,,,,,,,2001-11-26,False
iShares Global Materials ETF,Equity,Equity Sector,Global,Global,Equity Sector,,,,,USD,False,,False,,yfinance PR,CONFIRMED,MXI,,,,,,,,2006-09-22,False
iShares Global Industrials ETF,Equity,Equity Sector,Global,Global,Industrials,,,,,USD,False,,False,,yfinance PR,CONFIRMED,EXI,,,,,,,,2006-09-27,False
iShares Global Consumer Discretionary ETF,Equity,Equity Sector,Global,Global,Consumer Discretionary,,,,,USD,False,,False,,yfinance PR,CONFIRMED,RXI,,,,,,,,2006-09-21,False
iShares Global Consumer Staples ETF,Equity,Equity Sector,Global,Global,Consumer Staples,,,,,USD,False,,False,,yfinance PR,CONFIRMED,KXI,,,,,,,,2006-09-22,False
iShares Global Healthcare ETF,Equity,Equity Sector,Global,Global,Health Care,,,,,USD,False,,False,,yfinance PR,CONFIRMED,IXJ,,,,,,,,2001-11-26,False
iShares Global Financials ETF,Equity,Equity Sector,Global,Global,Financials,,,,,USD,False,,False,,yfinance PR,CONFIRMED,IXG,,,,,,,,2001-11-26,False
iShares Global Tech ETF,Equity,Equity Sector,Global,Global,Information Technology,,,,,USD,False,,False,,yfinance PR,CONFIRMED,IXN,,,,,,,,2001-11-26,False
iShares Global Comm Services ETF,Equity,,Global,Global,,,,,,USD,False,,False,,yfinance PR,CONFIRMED,IXP,,,,,,,,2001-11-26,False
iShares Global Utilities ETF,Equity,Equity Sector,Global,Global,Utilities,,,,,USD,False,,False,,yfinance PR,CONFIRMED,JXI,,,,,,,,2006-09-22,False
iShares Global REIT ETF,Equity,Equity Sector,Global,Global,Real Estate,,,,,USD,False,,False,,yfinance PR,CONFIRMED,REET,,,,,,,,2014-07-10,False
S&P 500 Energy Equipment & Serv,Equity,Equity Industry,North America,United States,Equity Industry,Large,,,,USD,False,,False,,yfinance PR,CONFIRMED,^SP500-101010,,,,,,,,2000-01-07,False
"S&P 500 Oil, Gas & Consumable F",Equity,Equity Industry,North America,United States,,Large,,,,USD,False,,False,,yfinance PR,CONFIRMED,^SP500-101020,,,,,,,,2000-01-07,False
S&P 500 Chemicals (Industry),Equity,Equity Industry,North America,United States,,Large,,,,USD,False,,False,,yfinance PR,UNAVAILABLE,^SP500-151010,,,,,,,,,False
S&P 500 Construction Materials,Equity,Equity Industry,North America,United States,Equity Industry,Large,,,,USD,False,,False,,yfinance PR,CONFIRMED,^SP500-151020,,,,,,,,2000-01-07,False
S&P 500 Containers & Packaging,Equity,Equity Industry,North America,United States,,Large,,,,USD,False,,False,,yfinance PR,UNAVAILABLE,^SP500-151030,,,,,,,,,False
S&P 500 Metals & Mining (Indust,Equity,Equity Industry,North America,United States,,Large,,,,USD,False,,False,,yfinance PR,CONFIRMED,^SP500-151040,,,,,,,,2000-01-07,False
S&P 500 Paper & Forest Products (Industry),Equity,Equity Industry,North America,United States,,Large,,,,USD,False,,False,,yfinance PR,CONFIRMED,^SP500-151050,,,,,,,,2015-12-18,False
S&P 500 Aerospace & Defense (In,Equity,Equity Industry,North America,United States,,Large,,,,USD,False,,False,,yfinance PR,CONFIRMED,^SP500-201010,,,,,,,,2000-03-07,False
S&P 500 Building Products (Indu,Equity,Equity Industry,North America,United States,,Large,,,,USD,False,,False,,yfinance PR,CONFIRMED,^SP500-201020,,,,,,,,2000-02-29,False
S&P 500 Construction & Engineer,Equity,Equity Industry,North America,United States,,Large,,,,USD,False,,False,,yfinance PR,CONFIRMED,^SP500-201030,,,,,,,,2000-02-29,False
S&P 500 Electrical Equipment (I,Equity,Equity Industry,North America,United States,,Large,,,,USD,False,,False,,yfinance PR,CONFIRMED,^SP500-201040,,,,,,,,2000-01-07,False
S&P 500 Industrial Conglomerate,Equity,Equity Industry,North America,United States,,Large,,,,USD,False,,False,,yfinance PR,CONFIRMED,^SP500-201050,,,,,,,,2000-01-07,False
S&P 500 Machinery (Industry),Equity,Equity Industry,North America,United States,,Large,,,,USD,False,,False,,yfinance PR,CONFIRMED,^SP500-201060,,,,,,,,2000-01-28,False
S&P 500 Trading Companies & Dis,Equity,Equity Industry,North America,United States,,Large,,,,USD,False,,False,,yfinance PR,CONFIRMED,^SP500-201070,,,,,,,,2000-01-07,False
S&P 500 - Commercial Services &,Equity,Equity Industry,North America,United States,,Large,,,,USD,False,,False,,yfinance PR,CONFIRMED,^SP500-202010,,,,,,,,2000-02-29,False
S&P 500 - Professional Services,Equity,Equity Industry,North America,United States,,Large,,,,USD,False,,False,,yfinance PR,UNAVAILABLE,^SP500-202020,,,,,,,,,False
S&P 500 Air Freight & Logistics,Equity,Equity Industry,North America,United States,,Large,,,,USD,False,,False,,yfinance PR,CONFIRMED,^SP500-203010,,,,,,,,2000-01-07,False
S&P 500 Passenger Airlines (Ind,Equity,Equity Industry,North America,United States,,Large,,,,USD,False,,False,,yfinance PR,CONFIRMED,^SP500-203020,,,,,,,,2000-01-07,False
,Equity,,,,,,,,,,False,,False,,yfinance PR,UNAVAILABLE,^SP500-203030,,,,,,,,,False
S&P 500 Ground Transportation (,Equity,Equity Industry,North America,United States,,Large,,,,USD,False,,False,,yfinance PR,CONFIRMED,^SP500-203040,,,,,,,,2000-01-07,False
S&P 500 Automobile Components (,Equity,Equity Industry,North America,United States,,Large,,,,USD,False,,False,,yfinance PR,CONFIRMED,^SP500-251010,,,,,,,,2000-03-07,False
S&P 500 Automobiles (Industry),Equity,Equity Industry,North America,United States,,Large,,,,USD,False,,False,,yfinance PR,CONFIRMED,^SP500-251020,,,,,,,,2000-01-07,False
S&P 500 Household Durables (Ind,Equity,Equity Industry,North America,United States,,Large,,,,USD,False,,False,,yfinance PR,CONFIRMED,^SP500-252010,,,,,,,,2000-02-29,False
S&P 500 Leisure Products (Indus,Equity,Equity Industry,North America,United States,,Large,,,,USD,False,,False,,yfinance PR,CONFIRMED,^SP500-252020,,,,,,,,2000-01-07,False
"S&P 500 Textiles, Apparel & Lux",Equity,Equity Industry,North America,United States,,Large,,,,USD,False,,False,,yfinance PR,CONFIRMED,^SP500-252030,,,,,,,,2000-01-07,False
S&P 500 Hotels Restaurants & Le,Equity,Equity Industry,North America,United States,,Large,,,,USD,False,,False,,yfinance PR,UNAVAILABLE,^SP500-253010,,,,,,,,,False
S&P 500 Diversified Consumer Services (Industry),Equity,Equity Industry,North America,United States,,Large,,,,USD,False,,False,,yfinance PR,CONFIRMED,^SP500-253020,,,,,,,,2020-09-18,False
S&P 500 Distributors (Industry),Equity,Equity Industry,North America,United States,,Large,,,,USD,False,,False,,yfinance PR,CONFIRMED,^SP500-255010,,,,,,,,2004-01-02,False
S&P 500 Broadline Retail (Indus,Equity,Equity Industry,North America,United States,,Large,,,,USD,False,,False,,yfinance PR,UNAVAILABLE,^SP500-255030,,,,,,,,,False
S&P 500 Specialty Retail (Indus,Equity,Equity Industry,North America,United States,,Large,,,,USD,False,,False,,yfinance PR,CONFIRMED,^SP500-255040,,,,,,,,2000-02-18,False
S&P 500 Consumer Staples Distri,Equity,Equity Industry,North America,United States,Equity Industry,Large,,,,USD,False,,False,,yfinance PR,UNAVAILABLE,^SP500-301010,,,,,,,,,False
S&P 500 Beverages (Industry),Equity,Equity Industry,North America,United States,,Large,,,,USD,False,,False,,yfinance PR,CONFIRMED,^SP500-302010,,,,,,,,2000-02-22,False
S&P 500 Food Products (Industry,Equity,Equity Industry,North America,United States,,Large,,,,USD,False,,False,,yfinance PR,CONFIRMED,^SP500-302020,,,,,,,,2000-01-07,False
S&P 500 Tobacco (Industry),Equity,Equity Industry,North America,United States,,Large,,,,USD,False,,False,,yfinance PR,CONFIRMED,^SP500-302030,,,,,,,,2000-02-22,False
S&P 500 Household Products (Ind,Equity,Equity Industry,North America,United States,,Large,,,,USD,False,,False,,yfinance PR,CONFIRMED,^SP500-303010,,,,,,,,2000-01-07,False
S&P 500 Personal Care Products,Equity,Equity Industry,North America,United States,,Large,,,,USD,False,,False,,yfinance PR,CONFIRMED,^SP500-303020,,,,,,,,2000-01-07,False
S&P 500 Health Care Equipment &,Equity,Equity Industry,North America,United States,Equity Industry,Large,,,,USD,False,,False,,yfinance PR,CONFIRMED,^SP500-351010,,,,,,,,2000-03-06,False
S&P 500 Health Care Providers &,Equity,Equity Industry,North America,United States,Equity Industry,Large,,,,USD,False,,False,,yfinance PR,CONFIRMED,^SP500-351020,,,,,,,,2000-01-07,False
S&P 500 Health Care Technology (Industry),Equity,Equity Industry,North America,United States,Equity Industry,Large,,,,USD,False,,False,,yfinance PR,CONFIRMED,^SP500-351030,,,,,,,,2022-06-07,False
S&P 500 - Biotechnology (Indust,Equity,Equity Industry,North America,United States,Equity Industry,Large,,,,USD,False,,False,,yfinance PR,CONFIRMED,^SP500-352010,,,,,,,,2000-02-29,False
S&P 500 - Pharmaceuticals (Indu,Equity,Equity Industry,North America,United States,,Large,,,,USD,False,,False,,yfinance PR,CONFIRMED,^SP500-352020,,,,,,,,2000-01-07,False
S&P 500 - Life Sciences Tools &,Equity,Equity Industry,North America,United States,,Large,,,,USD,False,,False,,yfinance PR,UNAVAILABLE,^SP500-352030,,,,,,,,,False
S&P 500 Banks (Industry),Equity,Equity Industry,North America,United States,,Large,,,,USD,False,,False,,yfinance PR,UNAVAILABLE,^SP500-401010,,,,,,,,,False
S&P 500 Financial Services (Ind,Equity,Equity Industry,North America,United States,Equity Industry,Large,,,,USD,False,,False,,yfinance PR,CONFIRMED,^SP500-402010,,,,,,,,2003-05-01,False
S&P 500 Consumer Finance (Indus,Equity,Equity Industry,North America,United States,,Large,,,,USD,False,,False,,yfinance PR,CONFIRMED,^SP500-402020,,,,,,,,2003-05-06,False
S&P 500 Capital Markets (Indust,Equity,Equity Industry,North America,United States,,Large,,,,USD,False,,False,,yfinance PR,CONFIRMED,^SP500-402030,,,,,,,,2003-05-02,False
S&P 500 Insurance (Industry),Equity,Equity Industry,North America,United States,,Large,,,,USD,False,,False,,yfinance PR,UNAVAILABLE,^SP500-403010,,,,,,,,,False
S&P 500 IT Services (Industry),Equity,Equity Industry,North America,United States,,Large,,,,USD,False,,False,,yfinance PR,CONFIRMED,^SP500-451020,,,,,,,,2000-02-18,False
S&P 500 Software (Industry),Equity,Equity Industry,North America,United States,,Large,,,,USD,False,,False,,yfinance PR,CONFIRMED,^SP500-451030,,,,,,,,2000-03-03,False
S&P 500 Communications Equipmen,Equity,Equity Industry,North America,United States,,Large,,,,USD,False,,False,,yfinance PR,CONFIRMED,^SP500-452010,,,,,,,,2000-03-06,False
"S&P 500 Technology Hardware, St",Equity,Equity Industry,North America,United States,Equity Industry,Large,,,,USD,False,,False,,yfinance PR,UNAVAILABLE,^SP500-452020,,,,,,,,,False
"S&P 500 - Electronic Equipment,",Equity,Equity Industry,North America,United States,,Large,,,,USD,False,,False,,yfinance PR,CONFIRMED,^SP500-452030,,,,,,,,2000-02-18,False
S&P 500 Semiconductor & Semicon,Equity,Equity Industry,North America,United States,,Large,,,,USD,False,,False,,yfinance PR,CONFIRMED,^SP500-453010,,,,,,,,2000-01-07,False
S&P 500 Diversified Telecommuni,Equity,Equity Industry,North America,United States,,Large,,,,USD,False,,False,,yfinance PR,CONFIRMED,^SP500-501010,,,,,,,,2000-01-07,False
S&P 500 Wireless Telecommunicat,Equity,Equity Industry,North America,United States,,Large,,,,USD,False,,False,,yfinance PR,UNAVAILABLE,^SP500-501020,,,,,,,,,False
S&P 500 Media (Industry),Equity,Equity Industry,North America,United States,,Large,,,,USD,False,,False,,yfinance PR,UNAVAILABLE,^SP500-502010,,,,,,,,,False
S&P 500 Entertainment (Industry,Equity,Equity Industry,North America,United States,,Large,,,,USD,False,,False,,yfinance PR,UNAVAILABLE,^SP500-502020,,,,,,,,,False
S&P 500 Interactive Media & Ser,Equity,Equity Industry,North America,United States,,Large,,,,USD,False,,False,,yfinance PR,UNAVAILABLE,^SP500-502030,,,,,,,,,False
S&P 500 Electric Utilities (Ind,Equity,Equity Industry,North America,United States,Equity Industry,Large,,,,USD,False,,False,,yfinance PR,CONFIRMED,^SP500-551010,,,,,,,,2000-02-29,False
S&P 500 Gas Utilities (Industry,Equity,Equity Industry,North America,United States,Equity Industry,Large,,,,USD,False,,False,,yfinance PR,CONFIRMED,^SP500-551020,,,,,,,,2015-01-02,False
S&P 500 Multi-Utilities (Indust,Equity,Equity Industry,North America,United States,Equity Industry,Large,,,,USD,False,,False,,yfinance PR,CONFIRMED,^SP500-551030,,,,,,,,2000-01-07,False
S&P 500 Water Utilities (Indust,Equity,Equity Industry,North America,United States,Equity Industry,Large,,,,USD,False,,False,,yfinance PR,UNAVAILABLE,^SP500-551040,,,,,,,,,False
S&P 500 Independent Power and R,Equity,Equity Industry,North America,United States,,Large,,,,USD,False,,False,,yfinance PR,UNAVAILABLE,^SP500-551050,,,,,,,,,False
S&P 500 Equity Real Estate Investment Trusts (REITs) (Industry),Equity,Equity Industry,North America,United States,Equity Industry,Large,,,,USD,False,,False,,yfinance PR,CONFIRMED,^SP500-601010,,,,,,,,2023-03-17,False
S&P 500 Industrial REITs (Indus,Equity,Equity Industry,North America,United States,Equity Industry,Large,,,,USD,False,,False,,yfinance PR,UNAVAILABLE,^SP500-601025,,,,,,,,,False
S&P 500 Hotel & Resort REITs (I,Equity,Equity Industry,North America,United States,Equity Industry,Large,,,,USD,False,,False,,yfinance PR,UNAVAILABLE,^SP500-601030,,,,,,,,,False
S&P 500 Office REITs (Industry),Equity,Equity Industry,North America,United States,Equity Industry,Large,,,,USD,False,,False,,yfinance PR,UNAVAILABLE,^SP500-601040,,,,,,,,,False
S&P 500 Health Care REITs (Indu,Equity,Equity Industry,North America,United States,Equity Industry,Large,,,,USD,False,,False,,yfinance PR,UNAVAILABLE,^SP500-601050,,,,,,,,,False
S&P 500 - Residential REITs (In,Equity,Equity Industry,North America,United States,Equity Industry,Large,,,,USD,False,,False,,yfinance PR,UNAVAILABLE,^SP500-601060,,,,,,,,,False
S&P 500 Retail REITs (Industry),Equity,Equity Industry,North America,United States,Equity Industry,Large,,,,USD,False,,False,,yfinance PR,UNAVAILABLE,^SP500-601070,,,,,,,,,False
S&P 500 Specialized REITs (Indu,Equity,Equity Industry,North America,United States,Equity Industry,Large,,,,USD,False,,False,,yfinance PR,UNAVAILABLE,^SP500-601080,,,,,,,,,False
S&P 500 -Real Estate Management,Equity,Equity Industry,North America,United States,Equity Industry,Large,,,,USD,False,,False,,yfinance PR,UNAVAILABLE,^SP500-602010,,,,,,,,,False
iShares Core Global Aggregate Bond UCITS ETF,Fixed Income,Bond Aggregate,Global,Global,,,,,,USD,False,,True,ETF,yfinance TR,CONFIRMED,,AGGG.L,,,,,,,2017-11-21,True
iShares Core GBP Corporate Bond UCITS ETF,Fixed Income,Corp IG,UK,United Kingdom,,,,Corp IG,,GBP,False,,True,ETF,yfinance TR,CONFIRMED,,SLXX.L,,,,,,,2008-01-02,True
iShares USD High Yield Corp Bond UCITS ETF,Fixed Income,Corp HY,UK,United Kingdom,,,,High Yield,,USD,False,,True,ETF,yfinance TR,CONFIRMED,,IHYU.L,,,,,,,2011-09-13,True
Vanguard USD EM Government Bond UCITS ETF,Fixed Income,Emerging Market Debt,UK,United Kingdom,,,,EMD,,USD,False,,True,ETF,yfinance TR,CONFIRMED,,VDET.L,,,,,,,2016-12-06,True
iShares Core UK Gilts UCITS ETF,Fixed Income,Govt Bond,UK,United Kingdom,,,Long (10yr+),Government,,GBP,False,,True,ETF,yfinance TR,CONFIRMED,,IGLT.L,,,,,,,2008-01-02,True
iShares UK Short Duration Gilt UCITS ETF,Fixed Income,Govt Bond,UK,United Kingdom,,,Short (1-3yr),Government,,GBP,False,,True,ETF,yfinance TR,CONFIRMED,,IGLS.L,,,,,,,2009-04-17,True
iShares China CNY Bond UCITS ETF,Fixed Income,Govt Bond,Asia Pacific,China,,,,Government,,CNY,False,,True,ETF,yfinance TR,CONFIRMED,,CNYB.L,,,,,,,2019-07-24,True
ICE BofA US Corporate IG OAS,Fixed Income,Corp IG,North America,United States,,,,Corp IG,,USD,False,,True,FRED,FRED,CONFIRMED,,,,,,BAMLC0A0CM,,,1996-12-31,False
ICE BofA US AAA Corporate OAS,Fixed Income,Credit Spread,North America,United States,,,,AAA,,USD,False,,True,FRED,FRED,CONFIRMED,,,,,,BAMLC0A1CAAA,,,1996-12-31,False
ICE BofA US AA Corporate OAS,Fixed Income,Credit Spread,North America,United States,,,,AA,,USD,False,,True,FRED,FRED,CONFIRMED,,,,,,BAMLC0A2CAA,,,1996-12-31,False
ICE BofA US A Corporate OAS,Fixed Income,Credit Spread,North America,United States,,,,A,,USD,False,,True,FRED,FRED,CONFIRMED,,,,,,BAMLC0A3CA,,,1996-12-31,False
ICE BofA US BBB Corporate OAS,Fixed Income,Credit Spread,North America,United States,,,,BBB,,USD,False,,True,FRED,FRED,CONFIRMED,,,,,,BAMLC0A4CBBB,,,1996-12-31,False
ICE BofA US High Yield OAS,Fixed Income,Corp HY,North America,United States,,,,High Yield,,USD,False,,True,FRED,FRED,CONFIRMED,,,,,,BAMLH0A0HYM2,,,1996-12-31,False
ICE BofA US BB High Yield OAS,Fixed Income,Corp HY,North America,United States,,,,BB,,USD,False,,True,FRED,FRED,CONFIRMED,,,,,,BAMLH0A1HYBB,,,1996-12-31,False
ICE BofA US Single-B High Yield OAS,Fixed Income,Corp HY,North America,United States,,,,B,,USD,False,,True,FRED,FRED,CONFIRMED,,,,,,BAMLH0A2HYB,,,1996-12-31,False
ICE BofA US CCC & Lower HY OAS,Fixed Income,Corp HY,North America,United States,,,,CCC & Lower,,USD,False,,True,FRED,FRED,CONFIRMED,,,,,,BAMLH0A3HYC,,,1996-12-31,False
ICE BofA Euro High Yield OAS,Fixed Income,Corp HY,Europe,Europe,,,,High Yield,,EUR,False,,True,FRED,FRED,CONFIRMED,,,,,,BAMLHE00EHYIOAS,,,1997-12-31,False
ICE BofA EM Corporate Plus OAS,Fixed Income,Credit Spread,Emerging Markets,Emerging Markets,,,,EMD,,USD,False,,True,FRED,FRED,CONFIRMED,,,,,,BAMLEMCBPIOAS,,,1998-12-31,False
ICE BofA EM High Yield Corporate OAS,Fixed Income,Corp HY,,,,,,High Yield,,,False,,True,FRED,FRED,CONFIRMED,,,,,,BAMLEMHBHYCRPIOAS,,,1998-12-31,False
ICE BofA EM Asia Corporate OAS,Fixed Income,Credit Spread,,,,,,EMD,,,False,,True,FRED,FRED,CONFIRMED,,,,,,BAMLEMRACRPIASIAOAS,,,1998-12-31,False
ICE BofA EM BBB Corporate OAS,Fixed Income,Credit Spread,,,,,,BBB,,,False,,True,FRED,FRED,CONFIRMED,,,,,,BAMLEM2BRRBBBCRPIOAS,,,1998-12-31,False
ICE BofA US Treasury Index,Fixed Income,Govt Bond,North America,United States,,,Medium (3-7yr),Government,,USD,False,,True,ETF,yfinance TR,CONFIRMED,,GOVT,,,,,,,2012-02-24,False
ICE BofA 1-3 Year US Treasury Index,Fixed Income,Govt Bond,North America,United States,,,Short (1-3yr),Government,,USD,False,,True,ETF,yfinance TR,CONFIRMED,,SHY,,,,,,,2002-07-30,False
ICE BofA 10+ Year US Treasury Index,Fixed Income,Govt Bond,North America,United States,,,Long (10yr+),Government,,USD,False,,True,ETF,yfinance TR,CONFIRMED,,TLT,,,,,,,2002-07-30,False
ICE BofA US Inflation-Linked Treasury Index (TIPS),Fixed Income,Government Inflation-Linked,North America,United States,,,Broad,Government,,USD,False,,True,ETF,FRED,CONFIRMED,,TIP,,,DFII10,,,,2003-12-05,False
ICE BofA US Corporate Index,Fixed Income,Corp IG,North America,United States,,,Broad,Corp IG,,USD,False,,True,ETF,FRED,CONFIRMED,,LQD,,BAMLCC0A0CMTRIV,BAMLC0A0CMEY,BAMLC0A0CM,,,2002-07-30,False
ICE BofA US High Yield Index,Fixed Income,Corp HY,North America,United States,,,Broad,High Yield,,USD,False,,True,ETF,FRED,CONFIRMED,,HYG,,BAMLHYH0A0HYM2TRIV,,BAMLH0A0HYM2,,,2007-04-11,False
ICE BofA UK Gilt Index,Fixed Income,Govt Bond,UK,United Kingdom,,,Long (10yr+),Government,,GBP,False,,True,ETF,yfinance TR,CONFIRMED,,IGLT.L,,,,,,,2008-01-02,False
ICE BofA UK Gilt Index (USD Hedged),Fixed Income,Govt Bond,UK,United Kingdom,,,,Government,,GBP,True,USD,True,,UNAVAILABLE,UNAVAILABLE,,,,,,,,,,False
ICE BofA 1-3 Year UK Gilt Index,Fixed Income,Govt Bond,UK,United Kingdom,,,Short (1-3yr),Government,,GBP,False,,True,ETF,yfinance TR,CONFIRMED,,IGLS.L,,,,,,,2009-04-17,False
ICE BofA 1-3 Year UK Gilt Index (USD Hedged),Fixed Income,Govt Bond,UK,United Kingdom,,,Short (1-3yr),Government,,GBP,True,USD,True,,UNAVAILABLE,UNAVAILABLE,,,,,,,,,,False
ICE BofA 10+ Year UK Gilt Index,Fixed Income,Govt Bond,UK,United Kingdom,,,Long (10yr+),Government,,GBP,False,,True,ETF,yfinance TR,CONFIRMED,,IGLT.L,,,,,,,2008-01-02,False
ICE BofA 10+ Year UK Gilt Index (USD Hedged),Fixed Income,Govt Bond,UK,United Kingdom,,,Long (10yr+),Government,,GBP,True,USD,True,,UNAVAILABLE,UNAVAILABLE,,,,,,,,,,False
ICE BofA UK Inflation-Linked Gilt Index,Fixed Income,Government Inflation-Linked,UK,United Kingdom,,,,Government,,GBP,False,,True,ETF,yfinance TR,CONFIRMED,,INXG.L,,,,,,,2008-01-02,False
ICE BofA UK Inflation-Linked Gilt Index (USD Hedged),Fixed Income,Government Inflation-Linked,UK,United Kingdom,,,,Government,,GBP,True,USD,True,,UNAVAILABLE,UNAVAILABLE,,,,,,,,,,False
ICE BofA Euro Government Bond Index,Fixed Income,Govt Bond,Europe,Europe,,,,Government,,EUR,False,,True,ETF,yfinance TR,CONFIRMED,,IEAG.L,,,,,,,2009-03-06,False
ICE BofA Euro Government Bond Index (USD Hedged),Fixed Income,Govt Bond,Europe,Europe,,,,Government,,EUR,True,USD,True,,UNAVAILABLE,UNAVAILABLE,,,,,,,,,,False
ICE BofA 1-3 Year Euro Government Bond Index,Fixed Income,Govt Bond,Europe,Europe,,,Short (1-3yr),Government,,EUR,False,,True,ETF,yfinance TR,CONFIRMED,,IBGS.L,,,,,,,2008-01-02,False
ICE BofA 1-3 Year Euro Government Bond Index (USD Hedged),Fixed Income,Govt Bond,Europe,Europe,,,Short (1-3yr),Government,,EUR,True,USD,True,,UNAVAILABLE,UNAVAILABLE,,,,,,,,,,False
ICE BofA 10+ Year Euro Government Bond Index,Fixed Income,Govt Bond,Europe,Europe,,,Long (10yr+),Government,,EUR,False,,True,ETF,yfinance TR,CONFIRMED,,IBGL.L,,,,,,,2008-01-02,False
ICE BofA 10+ Year Euro Government Bond Index (USD Hedged),Fixed Income,Govt Bond,Europe,Europe,,,Long (10yr+),Government,,EUR,True,USD,True,,UNAVAILABLE,UNAVAILABLE,,,,,,,,,,False
ICE BofA Euro Inflation-Linked Government Bond Index,Fixed Income,Government Inflation-Linked,Europe,Europe,,,,Inflation-Linked,,EUR,False,,True,ETF,yfinance TR,CONFIRMED,,IBCI.L,,,,,,,2008-01-02,False
ICE BofA Euro Inflation-Linked Government Bond Index (USD Hedged),Fixed Income,Government Inflation-Linked,Europe,Europe,,,,Government,,EUR,True,USD,True,,UNAVAILABLE,UNAVAILABLE,,,,,,,,,,False
ICE BofA Japan Government Bond Index,Fixed Income,Govt Bond,Japan,Japan,,,,Government,,JPY,False,,True,ETF,yfinance TR,CONFIRMED,,2561.T,,,,,,,2020-02-21,False
ICE BofA Japan Government Bond Index (USD Hedged),Fixed Income,Govt Bond,Japan,Japan,,,,Government,,JPY,True,USD,True,,UNAVAILABLE,UNAVAILABLE,,,,,,,,,,False
ICE BofA 1-3 Year Japan Government Bond Index,Fixed Income,Govt Bond,Japan,Japan,,,Short (1-3yr),Government,,JPY,False,,True,,UNAVAILABLE,UNAVAILABLE,,,,,,,,,,False
ICE BofA 1-3 Year Japan Government Bond Index (USD Hedged),Fixed Income,Govt Bond,Japan,Japan,,,Short (1-3yr),Government,,JPY,True,USD,True,,UNAVAILABLE,UNAVAILABLE,,,,,,,,,,False
ICE BofA 10+ Year Japan Government Bond Index,Fixed Income,Govt Bond,Japan,Japan,,,Long (10yr+),Government,,JPY,False,,True,,UNAVAILABLE,UNAVAILABLE,,,,,,,,,,False
ICE BofA 10+ Year Japan Government Bond Index (USD Hedged),Fixed Income,Govt Bond,Japan,Japan,,,Long (10yr+),Government,,JPY,True,USD,True,,UNAVAILABLE,UNAVAILABLE,,,,,,,,,,False
Japan Inflation-Linked Government Bond Index,Fixed Income,Government Inflation-Linked,Japan,Japan,,,,Inflation-Linked,,JPY,False,,True,,UNAVAILABLE,UNAVAILABLE,,,,,,,,,,False
Japan Inflation-Linked Government Bond Index (USD Hedged),Fixed Income,Government Inflation-Linked,Japan,Japan,,,,Government,,JPY,True,USD,True,,UNAVAILABLE,UNAVAILABLE,,,,,,,,,,False
ICE BofA Canada Government Bond Index,Fixed Income,Govt Bond,North America,Canada,,,,Government,,CAD,False,,True,ETF,yfinance TR,CONFIRMED,,XGB.TO,,,,,,,2006-11-10,False
ICE BofA Canada Government Bond Index (USD Hedged),Fixed Income,Govt Bond,North America,Canada,,,,Government,,CAD,True,USD,True,,UNAVAILABLE,UNAVAILABLE,,,,,,,,,,False
ICE BofA 1-3 Year Canada Government Bond Index,Fixed Income,Govt Bond,North America,Canada,,,Short (1-3yr),Government,,CAD,False,,True,ETF,yfinance TR,CONFIRMED,,XSB.TO,,,,,,,2000-11-23,False
ICE BofA 1-3 Year Canada Government Bond Index (USD Hedged),Fixed Income,Govt Bond,North America,Canada,,,Short (1-3yr),Government,,CAD,True,USD,True,,UNAVAILABLE,UNAVAILABLE,,,,,,,,,,False
ICE BofA 10+ Year Canada Government Bond Index,Fixed Income,Govt Bond,North America,Canada,,,Long (10yr+),Government,,CAD,False,,True,ETF,yfinance TR,CONFIRMED,,XLB.TO,,,,,,,2006-11-10,False
ICE BofA 10+ Year Canada Government Bond Index (USD Hedged),Fixed Income,Govt Bond,North America,Canada,,,Long (10yr+),Government,,CAD,True,USD,True,,UNAVAILABLE,UNAVAILABLE,,,,,,,,,,False
Canada Real Return Bond Index (Inflation-Linked),Fixed Income,Government Inflation-Linked,North America,Canada,,,,Government,,CAD,False,,True,ETF,yfinance TR,CONFIRMED,,XRB.TO,,,,,,,2005-12-28,False
Canada Real Return Bond Index (USD Hedged),Fixed Income,Government Inflation-Linked,North America,Canada,,,,Government,,CAD,True,USD,True,,UNAVAILABLE,UNAVAILABLE,,,,,,,,,,False
ICE BofA Germany Government Bond Index (Bunds),Fixed Income,Govt Bond,Europe,Germany,,,,Government,,EUR,False,,True,ETF,yfinance TR,CONFIRMED,,EXX6.DE,,,,,,,2008-01-02,True
ICE BofA Germany Government Bond Index (USD Hedged),Fixed Income,Govt Bond,Europe,Germany,,,,Government,,EUR,True,USD,True,,UNAVAILABLE,UNAVAILABLE,,,,,,,,,,False
France Government Bond Index (OATs),Fixed Income,Govt Bond,Europe,France,,,,Government,,EUR,False,,True,ETF,yfinance TR,CONFIRMED,,IFRB.L,,,,,,,2012-05-08,False
France Government Bond Index (USD Hedged),Fixed Income,Govt Bond,Europe,France,,,,Government,,EUR,True,USD,True,,UNAVAILABLE,UNAVAILABLE,,,,,,,,,,False
Italy Government Bond Index (BTPs),Fixed Income,Govt Bond,Europe,Italy,,,,Government,,EUR,False,,True,ETF,yfinance TR,CONFIRMED,,IITB.L,,,,,,,2012-05-15,False
Italy Government Bond Index (USD Hedged),Fixed Income,Govt Bond,Europe,Italy,,,,Government,,EUR,True,USD,True,,UNAVAILABLE,UNAVAILABLE,,,,,,,,,,False
Australia Government Bond Index,Fixed Income,Govt Bond,Asia Pacific,Australia,,,,Government,,AUD,False,,True,ETF,yfinance TR,CONFIRMED,,IAF.AX,,,,,,,2012-03-14,False
Australia Government Bond Index (USD Hedged),Fixed Income,Govt Bond,Asia Pacific,Australia,,,,Government,,AUD,True,USD,True,,UNAVAILABLE,UNAVAILABLE,,,,,,,,,,False
China Government Bond Index (CGBs),Fixed Income,Govt Bond,Asia Pacific,China,,,,Government,,CNY,False,,True,ETF,yfinance TR,CONFIRMED,,CNYB.L,,,,,,,2019-07-24,False
China Government Bond Index (USD Hedged),Fixed Income,Govt Bond,Asia Pacific,China,,,,Government,,CNY,True,USD,True,,UNAVAILABLE,UNAVAILABLE,,,,,,,,,,False
India Government Bond Index,Fixed Income,Govt Bond,Asia Pacific,India,,,,Government,,INR,False,,True,,UNAVAILABLE,UNAVAILABLE,,,,,,,,,,False
India Government Bond Index (USD Hedged),Fixed Income,Govt Bond,Asia Pacific,India,,,,Government,,INR,True,USD,True,,UNAVAILABLE,UNAVAILABLE,,,,,,,,,,False
Brazil Government Bond Index (Tesouro Nacional),Fixed Income,Govt Bond,Latin America,Brazil,,,,Government,,BRL,False,,True,,UNAVAILABLE,UNAVAILABLE,,,,,,,,,,False
Brazil Government Bond Index (USD Hedged),Fixed Income,EM Bond,Emerging Markets,Emerging Markets,,,Broad,EMD,,BRL,True,USD,True,ETF,yfinance TR,CONFIRMED,,EMB,,,,,,,2007-12-19,False
South Korea Government Bond Index (KTBs),Fixed Income,Govt Bond,Asia Pacific,South Korea,,,,Government,,KRW,False,,True,,UNAVAILABLE,UNAVAILABLE,,,,,,,,,,False
South Korea Government Bond Index (USD Hedged),Fixed Income,EM Bond,Emerging Markets,Emerging Markets,,,Broad,EMD,,KRW,True,USD,True,ETF,yfinance TR,CONFIRMED,,EMB,,,,,,,2007-12-19,False
Mexico Government Bond Index (Bonos M),Fixed Income,Govt Bond,Latin America,Mexico,,,,Government,,MXN,False,,True,,UNAVAILABLE,UNAVAILABLE,,,,,,,,,,False
Mexico Government Bond Index (USD Hedged),Fixed Income,EM Bond,Emerging Markets,Emerging Markets,,,Broad,EMD,,MXN,True,USD,True,ETF,yfinance TR,CONFIRMED,,EMB,,,,,,,2007-12-19,False
Indonesia Government Bond Index (SBN),Fixed Income,Govt Bond,Asia Pacific,Indonesia,,,,Government,,IDR,False,,True,,UNAVAILABLE,UNAVAILABLE,,,,,,,,,,False
Indonesia Government Bond Index (USD Hedged),Fixed Income,EM Bond,Emerging Markets,Emerging Markets,,,Broad,EMD,,IDR,True,USD,True,ETF,yfinance TR,CONFIRMED,,EMB,,,,,,,2007-12-19,False
Saudi Arabia Government Bond / Sukuk Index,Fixed Income,Govt Bond,Middle East & Africa,Saudi Arabia,,,,Government,,SAR,False,,True,,UNAVAILABLE,UNAVAILABLE,,,,,,,,,,False
Saudi Arabia Government Bond / Sukuk Index (USD Hedged),Fixed Income,EM Bond,Emerging Markets,Emerging Markets,,,Broad,EMD,,SAR,True,USD,True,ETF,yfinance TR,CONFIRMED,,EMB,,,,,,,2007-12-19,False
South Africa Government Bond Index,Fixed Income,Govt Bond,Middle East & Africa,South Africa,,,,Government,,ZAR,False,,True,,UNAVAILABLE,UNAVAILABLE,,,,,,,,,,False
South Africa Government Bond Index (USD Hedged),Fixed Income,EM Bond,Emerging Markets,Emerging Markets,,,Broad,EMD,,ZAR,True,USD,True,ETF,yfinance TR,CONFIRMED,,EMB,,,,,,,2007-12-19,False
Turkey Government Bond Index,Fixed Income,Govt Bond,Europe,Turkey,,,,Government,,TRY,False,,True,,UNAVAILABLE,UNAVAILABLE,,,,,,,,,,False
Turkey Government Bond Index (USD Hedged),Fixed Income,EM Bond,Emerging Markets,Emerging Markets,,,Broad,EMD,,TRY,True,USD,True,ETF,yfinance TR,CONFIRMED,,EMB,,,,,,,2007-12-19,False
Argentina Government Bond Index,Fixed Income,Govt Bond,Latin America,Argentina,,,,Government,,ARS,False,,True,,UNAVAILABLE,UNAVAILABLE,,,,,,,,,,False
Argentina Government Bond Index (USD Hedged),Fixed Income,EM Bond,Emerging Markets,Emerging Markets,,,Broad,EMD,,ARS,True,USD,True,ETF,yfinance TR,CONFIRMED,,EMB,,,,,,,2007-12-19,False
ICE BofA Global Corporate Bond Index,Fixed Income,Corp IG,Global,Global,,,Broad,Corp IG,,USD,False,,True,ETF,FRED,CONFIRMED,,VCIT,,BAMLCC0A0CMTRIV,,,,,2009-11-23,False
ICE BofA Global Corporate Bond Index (USD Hedged),Fixed Income,Corp IG,Global,Global,,,,Corp IG,,USD,True,USD,True,FRED,FRED,CONFIRMED,,,,BAMLCC0A0CMTRIV,,,,,1972-12-31,False
ICE BofA Euro Corporate Bond Index,Fixed Income,Corp IG,Europe,Europe,,,,Corp IG,,EUR,False,,True,ETF,yfinance TR,CONFIRMED,,IBCX.L,,,,,,,2008-01-02,False
ICE BofA Euro Corporate Bond Index (USD Hedged),Fixed Income,Corp IG,Europe,Europe,,,,Corp IG,,EUR,True,USD,True,,UNAVAILABLE,UNAVAILABLE,,,,,,,,,,False
ICE BofA Global High Yield Bond Index,Fixed Income,Corp HY,Global,Global,,,Broad,High Yield,,USD,False,,True,ETF,FRED,CONFIRMED,,JNK,,BAMLHYH0A0HYM2TRIV,,,,,2007-12-04,False
ICE BofA Global High Yield Bond Index (USD Hedged),Fixed Income,Corp HY,Global,Global,,,,High Yield,,USD,True,USD,True,ETF,yfinance TR,CONFIRMED,,HYLH.L,,,,,,,2026-01-20,False
ICE BofA Euro High Yield Bond Index,Fixed Income,Corp HY,Europe,Europe,,,,High Yield,,EUR,False,,True,ETF,FRED,CONFIRMED,,IHYG.L,,BAMLHE00EHYITRIV,,,,,2010-09-03,False
ICE BofA Euro High Yield Bond Index (USD Hedged),Fixed Income,Corp HY,Europe,Europe,,,Broad,High Yield,,EUR,True,USD,True,ETF,yfinance TR,CONFIRMED,,HYXU,,,,,,,2012-04-03,False
JP Morgan  USD Emerging Market Debt,Fixed Income,EM Bond,Emerging Markets,Emerging Markets,,,Broad,EMD,,USD,False,,True,ETF,yfinance TR,CONFIRMED,,EMB,,,,,,,2007-12-19,False
FTSE International Government Inflation-Protected Bond Index (USD Hedged),Fixed Income,Government Inflation-Linked,Global,Global,,,,Government,,USD,True,USD,True,ETF,yfinance TR,CONFIRMED,,WIP,,,,,,,2008-03-19,False
WTI Crude Oil,Commodity,Energy,Global,United States,,,,,Energy,USD,False,,False,,yfinance PR,CONFIRMED,CL=F,,,,,,,,2000-08-23,True
Brent Crude Oil,Commodity,Energy,Global,United States,,,,,Energy,USD,False,,False,,yfinance PR,CONFIRMED,BZ=F,,,,,,,,2007-07-30,True
Natural Gas (Henry Hub),Commodity,Energy,Global,United States,,,,,Energy,USD,False,,False,,yfinance PR,CONFIRMED,NG=F,,,,,,,,2000-08-30,False
Gasoline (RBOB),Commodity,Energy,Global,United States,,,,,Energy,USD,False,,False,,yfinance PR,CONFIRMED,RB=F,,,,,,,,2000-11-01,False
Heating Oil,Commodity,Energy,Global,United States,,,,,Energy,USD,False,,False,,yfinance PR,CONFIRMED,HO=F,,,,,,,,2000-09-01,False
Gold,Commodity,Precious Metals,Global,United States,,,,,Precious Metals,USD,False,,False,,yfinance PR,CONFIRMED,GC=F,,,,,,,,2000-08-30,True
Silver,Commodity,Precious Metals,Global,United States,,,,,Precious Metals,USD,False,,False,,yfinance PR,CONFIRMED,SI=F,,,,,,,,2000-08-30,True
Copper,Commodity,Industrial Metals,Global,United States,,,,,Industrial Metals,USD,False,,False,,yfinance PR,CONFIRMED,HG=F,,,,,,,,2000-08-30,True
Aluminium,Commodity,Industrial Metals,Global,United States,,,,,Industrial Metals,USD,False,,False,,yfinance PR,CONFIRMED,ALI=F,,,,,,,,2014-05-06,True
Soybeans,Commodity,Agriculture,Global,United States,,,,,Agriculture,USX,False,,False,,yfinance PR,CONFIRMED,ZS=F,,,,,,,,2000-09-15,False
Corn,Commodity,Agriculture,Global,United States,,,,,Agriculture,USX,False,,False,,yfinance PR,CONFIRMED,ZC=F,,,,,,,,2000-07-17,False
Wheat,Commodity,Agriculture,Global,United States,,,,,Agriculture,USX,False,,False,,yfinance PR,CONFIRMED,ZW=F,,,,,,,,2000-07-17,False
Sugar No. 11,Commodity,Agriculture,Global,United States,,,,,Agriculture,USX,False,,False,,yfinance PR,CONFIRMED,SB=F,,,,,,,,2000-03-01,False
Cotton No. 2,Commodity,Agriculture,Global,United States,,,,,Agriculture,USX,False,,False,,yfinance PR,CONFIRMED,CT=F,,,,,,,,2000-01-03,True
Coffee (Arabica),Commodity,Agriculture,Global,United States,,,,,Agriculture,USX,False,,False,,yfinance PR,CONFIRMED,KC=F,,,,,,,,2000-01-03,True
Cocoa,Commodity,Agriculture,Global,United States,,,,,Agriculture,USD,False,,False,,yfinance PR,CONFIRMED,CC=F,,,,,,,,2000-01-03,False
Live Cattle,Commodity,Agriculture,Global,United States,,,,,Agriculture,USX,False,,False,,yfinance PR,CONFIRMED,LE=F,,,,,,,,2001-03-01,False
Iron Ore (World Bank Price Index),Commodity,Industrial Metals,Global,Industrial Metals,,,,,Industrial Metals,USD,False,,True,Price Series,FRED,CONFIRMED,,,,PIORECRUSDM,,,,,2015-01-01,False
Invesco DB Energy Fund,Commodity,Energy,Global,United States,,,,,Energy,USD,False,,True,ETF,yfinance TR,CONFIRMED,,DBE,,,,,,,2007-01-05,False
Invesco DB Precious Metals Fund,Commodity,Precious Metals,Global,United States,,,,,Precious Metals,USD,False,,True,ETF,yfinance TR,CONFIRMED,,DBP,,,,,,,2007-01-05,False
Invesco DB Base Metals Fund,Commodity,Industrial Metals,Global,United States,,,,,Industrial Metals,USD,False,,True,ETF,yfinance TR,CONFIRMED,,DBB,,,,,,,2007-01-05,False
Invesco DB Agriculture Fund,Commodity,Agriculture,Global,United States,,,,,Agriculture,USD,False,,True,ETF,yfinance TR,CONFIRMED,,DBA,,,,,,,2007-01-05,False
Invesco DB Commodity Index Fund,Commodity,Broad,Global,United States,,,,,Broad,USD,False,,True,ETF,yfinance TR,CONFIRMED,,DBC,,,,,,,2006-02-06,False
Nasdaq 100,Equity,Equity Large Cap,North America,United States,,Large,,,,USD,False,,False,,yfinance PR,CONFIRMED,^NDX,QQQ,,,,,,,1985-02-01,True
Shenzhen Composite,Equity,Equity Broad,Asia Pacific,China,,Broad,,,,CNY,False,,False,,yfinance PR,CONFIRMED,399001.SZ,,,,,,,,1991-04-03,True
iShares Core MSCI World UCITS ETF,Equity,Equity Broad,Global,Global,Blend,Broad,,,,GBP,False,,True,ETF,yfinance TR,CONFIRMED,,IWDA.L,,,,,,,2009-09-28,True
Vanguard FTSE Emerging Markets UCITS ETF,Equity,Equity Broad,Emerging Markets,Emerging Markets,Blend,Broad,,,,GBP,False,,True,ETF,yfinance TR,CONFIRMED,,VFEM.L,,,,,,,2012-05-22,True
iShares MSCI South Korea ETF,Equity,Equity Broad,Asia Pacific,South Korea,Blend,Broad,,,,USD,False,,True,ETF,yfinance TR,CONFIRMED,,EWY,,,,,,,2000-05-12,True
iShares MSCI Taiwan ETF,Equity,Equity Broad,Asia Pacific,Taiwan,Blend,Broad,,,,USD,False,,True,ETF,yfinance TR,CONFIRMED,,EWT,,,,,,,2000-06-23,True
iShares India 50 ETF,Equity,Equity Broad,Asia Pacific,India,Blend,Large,,,,GBP,False,,True,ETF,yfinance TR,CONFIRMED,,NDIA.L,,,,,,,2009-07-08,True
iShares MSCI World Value Factor UCITS ETF,Equity,Factor,Global,Global,Value,Broad,,,,GBP,False,,True,ETF,yfinance TR,CONFIRMED,,IWFV.L,,,,,,,2014-10-03,True
iShares International Treasury Bond ETF,Fixed Income,Government,Global,Global,,,Broad,Investment Grade,,USD,False,,True,ETF,yfinance TR,CONFIRMED,,IGOV,,,,,,,2009-01-22,True
L&G All Commodities UCITS ETF,Commodity,Commodity,Global,Global,,,,,Broad,GBP,False,,True,ETF,yfinance TR,CONFIRMED,,CMOD.L,,,,,,,2016-02-04,True
