series_id,col,name,category,subcategory,units,frequency,country,notes,sort_key,concept,cycle_timing,freshness_override_days,tier
FM/D.U2.EUR.4F.KR.DFR.LEV,EA_DEPOSIT_RATE,ECB Deposit Facility Rate,Monetary Policy,Policy Rate,Percent,Daily,EA19,"T2 fallback for FRED ECBDFR (frozen 2025-06-13). ECB Data Portal direct via SDMX 2.1; FM dataset key 'D.U2.EUR.4F.KR.DFR.LEV' (Daily / Euro area / EUR / Financial market data / Key interest rate / Deposit Facility Rate / level). T1 candidates via DB.nomics ECB-mirror were stale at 2025-02; only T2 direct gives fresh values. Wired §3.1 Stage D.2 2026-04-30. [2026-07-08 A15 note: with Section C now reading real observation dates from the Last Observation metadata row, this wide override is no longer needed to suppress held-rate staleness noise - it is retained because it doubles as the A14 bounded-fill limit (2x override) for this row.]",458,Rates / Yields,G,120,0
YC/B.U2.EUR.4F.G_N_A.SV_C_YM.SR_2Y,EZ_GOVT_2Y,Euro Area AAA 2Y Govt Yield (ECB YC),Rates,Sovereign,Percent,Daily,EA19,Closes the DE 2Y gap noted in §3.1.7 Outstanding Calculated Fields (needed for Global yield curve composite + EZ 10Y-2Y slope). ECB YC dataset spot rate; AAA-rated euro-area sovereigns ≈ DE bund. Wired §3.1 Stage F follow-on 2026-05-01.,460,Rates / Yields,L,7,0
YC/B.U2.EUR.4F.G_N_A.SV_C_YM.SR_30Y,EZ_GOVT_30Y,Euro Area AAA 30Y Govt Yield (ECB YC),Rates,Sovereign,Percent,Daily,EA19,Long-end of euro area sovereign curve; complements EZ_GOVT_2Y for term-structure analysis. ECB YC dataset spot rate; AAA-rated euro-area sovereigns. Wired §3.1 Stage F follow-on 2026-05-01.,461,Rates / Yields,L,7,0
CISS/D.U2.Z0Z.4F.EC.SS_CIN.IDX,EZ_CISS,ECB Composite Indicator of Systemic Stress (CISS),Financial Conditions,Financial Stress,Index (0-1),Daily,EA19,"ECB CISS euro-area systemic-stress composite; free EZ substitute for GS/Bloomberg FCI and the Chicago Fed NFCI analogue (regime-aa coverage map, FC pillar). Verified live via ECB Data Portal SDMX 2026-06-15.",412,Credit / Spreads,L,7,0
CES/M.Z18.ALL.T.C1120.NUM_VAR.WM,EZ_INFL_EXP_12M,ECB CES Inflation Expectations 12M Ahead (median),Inflation,Survey,Percent,Monthly,EA19,"ECB Consumer Expectations Survey — euro-area (Z18) headline 12-month-ahead inflation expectations, weighted median. Free EZ analogue of UMich consumer inflation expectations; 3-year-ahead horizon also available in CES. Verified live 2026-06-15 (4.0% @ 2026-04).",457,Sentiment / Survey,L,40,0
BSI/M.U2.Y.V.M30.X.I.U2.2300.Z01.A,EZ_M3,Eurozone M3 Money Supply (YoY),Growth,Money Supply,Percent Change YoY,Monthly,EA19,"ECB BSI — euro-area Monetary aggregate M3, annual growth rate (key M.U2.Y.V.M30.X.I.U2.2300.Z01.A; ECB TITLE 'Monetary aggregate M3, Annual growth rate', UNIT PCCH, working-day + seasonally adjusted). Replaces frozen FRED OECD-MEI mirror MABMM301EZM189S (a stock LEVEL mislabelled ""Percent Change YoY"", froze 2023-11) — see forward_plan §2.B / chronology (PR #221). Keyless SDMX; history from 1981-01 so it wins the freshness merge for the full EZ_M3 column. Verified live 2026-06-17 (2.74% @ 2026-04).",455,Money / Liquidity,L,45,0
HICP/M.U2.N.000000.4D0.ANR,EA_HICP,Eurozone HICP Inflation YoY,Inflation,CPI,Percent Change YoY,Monthly,EA19,"ECB Data Portal HICP dataset — euro-area (U2) all-items HICP annual rate of change, new-methodology series (DATA_PROVIDER=4D0). Eurostat's 2026-02-04 HICP methodological overhaul discontinued both the old ECB ICP dataset and the Eurostat prc_hicp_manr slices (all frozen at 2025-12); this HICP dataflow is the successor with full history to 1996-12. Repointed from DB.nomics Eurostat/prc_hicp_manr/M.RCH_A.CP00.EA20 (dead — DB.nomics Eurostat provider itself frozen since 2026-01-22) per forward_plan §2.A A10. Feeds EU_INFL1. Verified live 2026-07-08 (2.8% @ 2026-06).",456,Inflation,G,,0
HICP/M.U2.N.XEF000.4D0.ANR,EA_HICP_CORE_YOY,Eurozone Core HICP YoY (ex energy/food),Inflation,CPI,Percent Change YoY,Monthly,EA19,"ECB Data Portal HICP dataset — euro-area (U2) all-items excluding energy and food, annual rate of change, new-methodology series (DATA_PROVIDER=4D0; ICP_ITEM=XEF000). Successor to the discontinued Eurostat prc_hicp_manr TOT_X_NRG_FOOD slice (frozen 2025-12; DB.nomics Eurostat provider frozen 2026-01-22) — see EA_HICP row note. Blended into EU_INFL1 alongside the EA_HICP headline. Verified live 2026-07-08 (2.4% @ 2026-06).",457,Inflation,L,,0
STBS/M.I9.Y.PROD.NS0020.4D0.N.IX,EZ_IND_PROD,Eurozone Industrial Production,Growth,Real Activity,Index 2021=100 (SCA),Monthly,EA19,"ECB Short-Term Business Statistics (STBS) — the successor to the discontinued STS dataflow (frozen 2025-09), DATA_PROVIDER 4D0, the same Eurostat-overhaul migration as the A10 HICP fix. Euro area total industry excluding construction (class NS0020), working-day + seasonally adjusted, 2021=100 (2021avg verified = 100.0). Replaces the frozen Eurostat teiis080 EA20 slice (DB.nomics Eurostat mirror frozen 2026-01-22, §2.A A12): ~13-month window → full depth AND live again. Verified live 2026-07-08: 1991-01 → 2026-04 = 98.3, n=424. Feeds EU_NOWCAST1. Wired per regime-aa memo 2026-07-08-monthly-growth-inflation-cadence (forward_plan §3.18).",130,Growth,C,150,0
STBS/M.I9.Y.TOVV.2G4700.4D0.N.IX,EZ_RETAIL_VOL,Eurozone Retail Trade Volume (Total incl. Fuel),Growth,Real Activity,Index 2021=100 (SCA),Monthly,EA19,"ECB STBS deflated retail turnover — euro area NACE G47 total retail including fuel, excluding motor vehicles (class 2G4700), working-day + seasonally adjusted, 2021=100. SCOPE UPGRADE 2026-07-08: the old teiis260 row carried non-food-ex-fuel only (the sole EA20 aggregate the frozen DB.nomics mirror exposed) — this is the headline total-retail measure. Verified live 2026-07-08: 2000-01 → 2026-05 = 104.2, n=317. Feeds EU_NOWCAST1. Wired per regime-aa memo 2026-07-08-monthly-growth-inflation-cadence (forward_plan §3.18).",140,Consumer,C,150,0
MNA/Q.Y.I9.W2.S1.S1.B.B1GQ._Z._Z._Z.EUR.LR.N,EA_GDP_INDEX,"Euro Area Real GDP, chained volume (SA-WDA)",Growth,National Accounts,"EUR million, chained volume (SA-WDA)",Quarterly,EA19,"ECB MNA quarterly national accounts — euro area (changing composition) GDP at market prices, chain-linked volume, calendar and seasonally adjusted, EUR millions (~3.3e6 per quarter). Mirrors the FRA_GDP_INDEX pattern for the EA aggregate per regime-aa memo 2026-07-08-monthly-growth-inflation-cadence (forward_plan §3.18). Verified live 2026-07-08: 1995-Q1 → 2026-Q1 = 3,297,944.7. IMF QNEA G163.B1GQ.Q.SA.XDC.Q is the documented alternative — units are EUR (not millions), do not silently swap.",910,Growth,C,210,0
IRS/M.IT.L.L40.CI.0000.EUR.N.Z,ITA_BTP_10Y,Italy 10Y Govt Yield (ECB convergence),Rates,Sovereign,% per annum,Monthly,ITA,"§2.A A2 (2026-07-14) — ECB SDW 'long-term interest rate for convergence purposes' (Maastricht 10Y govt benchmark, IRS dataflow), replacing the frozen FRED OECD-MEI mirror IRLTLT01ITM156N (last value-change 2026-03-06). Same 10Y govt concept as the OECD series; EU-harmonised, monthly, via the already-wired sources/ecb.py. Verified live 2026-07-14: 424 obs 1991-03 → 2026-06; 2026-04=3.818 matches the frozen FRED tail exactly, then moves 3.839 (May) → 3.734 (Jun). Wins the tier merge over the FRED T1 fallback on freshness.",462,Rates / Yields,C,90,0
IRS/M.NL.L.L40.CI.0000.EUR.N.Z,NLD_DSL_10Y,Netherlands 10Y Govt Yield (ECB convergence),Rates,Sovereign,% per annum,Monthly,NLD,"§2.A A2 (2026-07-14) — ECB SDW convergence 10Y (IRS dataflow), replacing the frozen FRED OECD-MEI mirror IRLTLT01NLM156N. EU-harmonised Dutch 10Y govt benchmark, monthly, via sources/ecb.py. Verified live 2026-07-14: 483 obs 1986-04 → 2026-06; 2026-04=3.15 matches the frozen FRED tail exactly, then 3.165 (May) → 3.077 (Jun). Wins the tier merge over the FRED T1 fallback on freshness. IMF MFS_IR was ruled out — its NLD S13BOND govt-bond series stops 2019.",463,Rates / Yields,C,75,0
BLS/Q.U2.ALL.O.E.Z.B3.ST.S.WFNET,EZ_CREDIT_STD_ENT,"Eurozone Bank Credit Standards to Enterprises (ECB BLS, net % tightening)",Financial Conditions,Credit Conditions,Net Percent,Quarterly,EA19,"§2.B B5 (2026-07-14) — Eurozone SLOOS equivalent: ECB Bank Lending Survey, change in credit standards for loans/credit lines to enterprises, backward-looking 3 months, weighted net percentage (positive = net tightening). ECB BLS dataflow via sources/ecb.py (no code change). Verified live through the adapter 2026-07-14: 94 obs 2003-03 → 2026-Q2 = 10.09 (net tightening); range [-16.3, 65.1]. Euro-area analogue of the US SLOOS DRTSCILM series (leads the credit cycle ~2-3 quarters). Forward-looking expectations twin is the F3 horizon (…O.E.Z.F3.ST.S.WFNET) if a lead variant is wanted later.",295,Credit / Spreads,L,120,0
MNA/Q.Y.I9.W2.S1.S1._Z.EMP._Z._T._Z.PS._Z.N,EZ_EMPLOYMENT,"Eurozone Total Employment (ECB MNA, domestic concept)",Growth,Labour Market,Thousands of Persons (SCA),Quarterly,EA19,"§2.A A12 (2026-07-14) — EZ_EMPLOYMENT re-sourced from the frozen DB.nomics Eurostat mirror (namq_10_a10_e, provider frozen since 2026-01-22) to the ECB MNA (ESA2010 national accounts) total-employment series via sources/ecb.py. Domestic concept, total economy, thousands of persons, calendar+seasonally adjusted. Verified live through the adapter 2026-07-14: 125 obs 1995-Q1 → 2026-Q1 = 172759.1 (fresh; the frozen mirror stopped at 2025-Q3 = 172210). REF_AREA I9 is the ECB euro-area aggregate (EA20 fixed composition as of 2023 — excludes Bulgaria's 2026 entry, a negligible ~0.4% for a coincident labour gauge; the ECB keeps it current). Cycle-coincident labour indicator; data-layer coverage (no calculator consumes it).",150,Labour,C,180,0
