row_id,Series ID,Col,Indicator,Country,Country Name,Region,Source,Category,Subcategory,Concept,cycle_timing,Units,Frequency,Latest Value,Prior Value,Change,Last Period,Notes,Fetched At
1,T10Y2Y,T10Y2Y,US Yield Curve 10Y-2Y Spread,USA,United States,North America,FRED,Growth,Yield Curve,Rates / Yields,L,Percentage Points,Daily,0.5000,0.5200,-0.0200,2026-04-29,Inversion (negative) has preceded every US recession 6-18m in advance,2026-04-30 14:07 UTC
2,T10Y3M,T10Y3M,US Yield Curve 10Y-3M Spread,USA,United States,North America,FRED,Growth,Yield Curve,Rates / Yields,L,Percentage Points,Daily,0.7400,0.6800,0.0600,2026-04-29,Campbell & Shiller preferred recession predictor; stronger near-term signal,2026-04-30 14:07 UTC
3,M2SL,M2SL,US M2 Money Supply,USA,United States,North America,FRED,Growth,Money Supply,Money / Liquidity,L,Billions USD (SA),Monthly,22686.0000,22627.3000,58.7000,2026-03-01,YoY growth leads nominal GDP by 12-18m; negative YoY = deflation risk,2026-04-30 14:07 UTC
4,PERMIT,PERMIT,US Building Permits (SAAR),USA,United States,North America,FRED,Growth,Leading Indicators,Housing,L,Thousands of Units (SAAR),Monthly,1372.0000,1538.0000,-166.0000,2026-03-01,Leads housing starts 1-2m; YoY negative = construction contraction,2026-04-30 14:07 UTC
5,IC4WSA,IC4WSA,US Initial Jobless Claims 4-Week Average,USA,United States,North America,FRED,Growth,Labour Market,Labour,L,Thousands of Persons (SA),Weekly,207500.0000,211000.0000,-3500.0000,2026-04-25,Sustained rise above 300k signals labour market deterioration,2026-04-30 14:07 UTC
6,PAYEMS,PAYEMS,US Nonfarm Payrolls MoM Change,USA,United States,North America,FRED,Growth,Labour Market,Labour,C,Thousands of Persons (SA),Monthly,158637.0000,158459.0000,178.0000,2026-03-01,3m avg >200k = solid expansion; <100k = slowdown; negative = recession,2026-04-30 14:07 UTC
7,UNRATE,UNRATE,US Unemployment Rate,USA,United States,North America,FRED,Growth,Labour Market,Labour,G,Percent (SA),Monthly,4.3000,4.4000,-0.1000,2026-03-01,Sahm Rule: 0.5pp rise in 3m average vs prior 12m low = recession signal,2026-04-30 14:07 UTC
8,JTSJOL,JTSJOL,JOLTS Job Openings (level),USA,United States,North America,FRED,Growth,Labour,Labour,L,Thousands,Monthly,6882.0000,7240.0000,-358.0000,2026-02-01,Total nonfarm job openings level from JOLTS; openings/unemployed ratio is a wage-pressure leading indicator,2026-04-30 14:07 UTC
9,UNEMPLOY,UNEMPLOY,Unemployed Persons (level),USA,United States,North America,FRED,Growth,Labour,Labour,C,Thousands,Monthly,7239.0000,7571.0000,-332.0000,2026-03-01,CPS unemployed persons level (16+); denominator for the openings/unemployed ratio,2026-04-30 14:07 UTC
10,INDPRO,INDPRO,US Industrial Production Index,USA,United States,North America,FRED,Growth,Real Activity,Growth,C,Index 2017=100 (SA),Monthly,101.7898,102.3440,-0.5542,2026-03-01,YoY negative = recession signal; companion to manufacturing PMI,2026-04-30 14:07 UTC
11,RSXFS,RSXFS,US Retail Sales ex-Autos MoM,USA,United States,North America,FRED,Growth,Real Activity,Consumer,C,Millions USD (SA),Monthly,651843.0000,639691.0000,12152.0000,2026-03-01,Consumer spending momentum; YoY real negative = recessionary signal,2026-04-30 14:07 UTC
12,RSFSXMV,RSFSXMV,US Retail Sales Control Group,USA,United States,North America,FRED,Growth,Real Activity,Consumer,C,Millions USD (SA),Monthly,612436.0000,600787.0000,11649.0000,2026-03-01,"Retail Sales Control Group — excludes autos, gasoline, building materials, food services. Direct GDP nowcast input.",2026-04-30 14:07 UTC
13,DRTSCILM,DRTSCILM,US SLOOS Net % Banks Tightening C&I Lending Standards (Large Firms),USA,United States,North America,FRED,Growth,Credit Cycle,Credit / Spreads,L,Net Percent (SA),Quarterly,5.3000,6.5000,-1.2000,2026-01-01,Net tightening >20% has preceded every recession; 6-12m lead time,2026-04-30 14:07 UTC
14,NFCI,NFCI,Chicago Fed National Financial Conditions Index (NFCI),USA,United States,North America,FRED,Financial Conditions,Composite,Credit / Spreads,L,Index,Weekly,-0.5180,-0.4980,-0.0200,2026-04-24,Negative = easier than avg; positive and rising = tightening; leads growth 3-6m,2026-04-30 14:07 UTC
15,CPIAUCSL,CPIAUCSL,US CPI Headline,USA,United States,North America,FRED,Inflation,CPI,Inflation,G,Index 1982-84=100 (SA),Monthly,330.2930,327.4600,2.8330,2026-03-01,Primary public inflation benchmark; >5% YoY = high-inflation regime,2026-04-30 14:07 UTC
16,CPILFESL,CPILFESL,US Core CPI (ex Food & Energy),USA,United States,North America,FRED,Inflation,CPI,Inflation,G,Index 1982-84=100 (SA),Monthly,334.1650,333.5120,0.6530,2026-03-01,Strips transitory commodity effects; sticky >3% = overheating signal,2026-04-30 14:07 UTC
17,PCEPILFE,PCEPILFE,US Core PCE Deflator,USA,United States,North America,FRED,Inflation,PCE,Inflation,G,Index 2017=100 (SA),Monthly,129.2790,128.9010,0.3780,2026-03-01,Fed's preferred inflation measure; Fed 2% target refers to this series,2026-04-30 14:07 UTC
18,PPIACO,PPIACO,US PPI All Commodities,USA,United States,North America,FRED,Inflation,PPI,Inflation,C,Index 1982=100 (NSA),Monthly,274.1020,269.2960,4.8060,2026-03-01,Leads CPI by 2-3m; acceleration = leading indicator of consumer price pressure,2026-04-30 14:07 UTC
19,T5YIE,T5YIE,US TIPS 5Y Breakeven Inflation Rate,USA,United States,North America,FRED,Inflation,Breakevens,Inflation,L,Percent,Daily,2.6700,2.6300,0.0400,2026-04-29,Market-implied 5yr avg inflation; level >3% = inflation concern,2026-04-30 14:07 UTC
20,T10YIE,T10YIE,US TIPS 10Y Breakeven Inflation Rate,USA,United States,North America,FRED,Inflation,Breakevens,Inflation,L,Percent,Daily,2.4600,2.4400,0.0200,2026-04-29,Most widely watched breakeven; rising 5Y vs 10Y = near-term inflation concerns,2026-04-30 14:07 UTC
21,T5YIFR,T5YIFR,US 5Y5Y Forward Inflation Swap Rate,USA,United States,North America,FRED,Inflation,Breakevens,Inflation,L,Percent,Daily,2.2500,2.2500,0.0000,2026-04-29,Market-implied inflation years 5-10; measures whether long-run expectations anchored,2026-04-30 14:07 UTC
22,MICH,MICH,UMich Consumer Inflation Expectations 1Y,USA,United States,North America,FRED,Inflation,Survey,Sentiment / Survey,L,Percent,Monthly,3.8000,3.4000,0.4000,2026-03-01,Consumer-based; Fed watches closely; rise >3.5% would be policy alarm,2026-04-30 14:07 UTC
23,FEDFUNDS,FEDFUNDS,US Federal Funds Rate (Effective),USA,United States,North America,FRED,Monetary Policy,Policy Rate,Rates / Yields,G,Percent (SA),Monthly,3.6400,3.6400,0.0000,2026-03-01,Foundational Tier 1 indicator; direction and pace determine regime trajectory,2026-04-30 14:07 UTC
24,DGS2,DGS2,US 2-Year Treasury Yield (Constant Maturity),USA,United States,North America,FRED,Monetary Policy,Government Yields,Rates / Yields,C,Percent,Daily,3.8400,3.7800,0.0600,2026-04-28,Short-end policy-sensitive nominal rate; used for 2s10s slope and to track where markets price the Fed terminal rate,2026-04-30 14:07 UTC
25,DGS10,DGS10,US 10-Year Treasury Yield (Constant Maturity),USA,United States,North America,FRED,Monetary Policy,Government Yields,Rates / Yields,C,Percent,Daily,4.3600,4.3500,0.0100,2026-04-28,"Benchmark long-end nominal rate; input to yield-curve slope, breakeven, and term-premium indicators; drives mortgage pricing",2026-04-30 14:07 UTC
26,MORTGAGE30US,MORTGAGE30US,30-Year Fixed Mortgage Rate,USA,United States,North America,FRED,Monetary Policy,Mortgage Rates,Rates / Yields,L,Percent,Weekly,6.2300,6.3000,-0.0700,2026-04-23,Freddie Mac primary mortgage market survey 30Y fixed-rate average; spread to DGS10 = mortgage credit risk premium,2026-04-30 14:07 UTC
27,DFII10,DFII10,US 10Y Real Interest Rate (TIPS),USA,United States,North America,FRED,Monetary Policy,Real Rates,Rates / Yields,L,Percent,Daily,1.9200,1.9100,0.0100,2026-04-28,Real rates >2% historically associated with growth decel and recession risk,2026-04-30 14:07 UTC
28,DFII5,DFII5,US 5Y Real Interest Rate (TIPS),USA,United States,North America,FRED,Monetary Policy,Real Rates,Rates / Yields,L,Percent,Daily,1.3400,1.3200,0.0200,2026-04-28,Short-end real rate; rising = tightening financial conditions for risk assets,2026-04-30 14:07 UTC
29,BAMLH0A0HYM2,BAMLH0A0HYM2,US HY Credit Spread OAS (ICE BofA),USA,United States,North America,FRED,Financial Conditions,Credit Spreads,Credit / Spreads,L,Percent,Daily,2.8200,2.8500,-0.0300,2026-04-29,>600bps = severe stress; >800bps = crisis; tightening from stress = risk-on,2026-04-30 14:07 UTC
30,BAMLC0A0CM,BAMLC0A0CM,US IG Credit Spread OAS (ICE BofA),USA,United States,North America,FRED,Financial Conditions,Credit Spreads,Credit / Spreads,L,Percent,Daily,0.8100,0.8100,0.0000,2026-04-29,>200bps historically coincides with recessions; IG-HY ratio = risk appetite,2026-04-30 14:07 UTC
31,BAMLC0A0CMEY,BAMLC0A0CMEY,ICE BofA US Corporate Index Effective Yield,USA,United States,North America,FRED,Financial Conditions,Credit Markets,Credit / Spreads,C,Percent,Daily,5.1300,5.0600,0.0700,2026-04-29,All-in effective yield on broad US IG corporate bond index; level reflects risk appetite and funding costs for IG issuers,2026-04-30 14:07 UTC
32,BAMLCC0A0CMTRIV,BAMLCC0A0CMTRIV,ICE BofA US Corporate Index Total Return Index Value,USA,United States,North America,FRED,Financial Conditions,Credit Markets,Credit / Spreads,C,Index,Daily,3588.1000,3601.6800,-13.5800,2026-04-29,Total return index for US IG corporates; captures coupon income plus price return; use for momentum and drawdown signals,2026-04-30 14:07 UTC
33,DRTSCIS,DRTSCIS,SLOOS: Net Tightening — C&I Loans Small Firms,USA,United States,North America,FRED,Financial Conditions,Credit Conditions,Credit / Spreads,L,Net Percent,Quarterly,8.9000,8.3000,0.6000,2026-01-01,Companion to DRTSCILM (large firms). Divergence = dual-speed credit cycle.,2026-04-30 14:07 UTC
34,DRTSCLCC,DRTSCLCC,SLOOS: Net Tightening — Credit Card Loans,USA,United States,North America,FRED,Financial Conditions,Credit Conditions,Credit / Spreads,L,Net Percent,Quarterly,0.0000,4.2000,-4.2000,2026-01-01,Consumer credit availability. Tightening leads consumer spending slowdown.,2026-04-30 14:07 UTC
35,STDSOTHCONS,STDSOTHCONS,SLOOS: Net Tightening — Consumer Loans (ex Credit Card & Auto),USA,United States,North America,FRED,Financial Conditions,Credit Conditions,Credit / Spreads,L,Net Percent,Quarterly,2.0000,0.0000,2.0000,2026-01-01,Auto/student/personal loan standards. Broadens consumer credit picture.,2026-04-30 14:07 UTC
36,SUBLPDRCSN,SUBLPDRCSN,SLOOS: Net Tightening — CRE Loans (Nonfarm Nonresidential),USA,United States,North America,FRED,Financial Conditions,Credit Conditions,Credit / Spreads,L,Net Percent,Quarterly,-3.6000,3.3000,-6.9000,2026-01-01,CRE credit cycle; leads commercial property stress by 2-4 quarters.,2026-04-30 14:07 UTC
37,UMCSENT,UMCSENT,UMich Consumer Sentiment (Overall),USA,United States,North America,FRED,Survey,Consumer Sentiment,Sentiment / Survey,L,Index (1966 Q1 = 100),Monthly,53.3000,56.6000,-3.3000,2026-03-01,Headline consumer confidence; below 70 historically correlated with recessions.,2026-04-30 14:07 UTC
38,GACDFSA066MSFRBPHI,GACDFSA066MSFRBPHI,Philadelphia Fed: Mfg Business Conditions (General Activity),USA,United States,North America,FRED,Survey,Regional Fed,Sentiment / Survey,L,Diffusion Index,Monthly,26.7000,18.1000,8.6000,2026-04-01,One of the earliest monthly US mfg surveys; leads ISM by ~1 week.,2026-04-30 14:07 UTC
39,GACDISA066MSFRBNY,GACDISA066MSFRBNY,Empire State (NY Fed): Mfg Business Conditions,USA,United States,North America,FRED,Survey,Regional Fed,Sentiment / Survey,L,Diffusion Index,Monthly,11.0000,-0.2000,11.2000,2026-04-01,First regional Fed mfg survey released each month. Closely watched ISM preview.,2026-04-30 14:07 UTC
40,BACTUAMFRBDAL,BACTUAMFRBDAL,Dallas Fed: Mfg Business Conditions (General Activity),USA,United States,North America,FRED,Survey,Regional Fed,Sentiment / Survey,L,Diffusion Index,Monthly,3.0000,5.1000,-2.1000,2026-04-01,"Eleventh Federal Reserve District. Covers TX, northern LA, southern NM.",2026-04-30 14:07 UTC
41,PIORECRUSDM,PIORECRUSDM,World Bank Iron Ore Price Index (USD),USA,United States,North America,FRED,Commodity,Industrial Metals,External / Trade,C,Index,Monthly,107.5773,100.9650,6.6123,2026-03-01,World Bank iron ore price; proxy for China's steel and infrastructure demand; leads industrial metals and EM commodity exporters,2026-04-30 14:07 UTC
42,AWHMAN,AWHMAN,US Average Weekly Hours (Manufacturing),USA,United States,North America,FRED,Growth,Labour Market,Labour,L,Hours (SA),Monthly,41.4000,41.5000,-0.1000,2026-03-01,Hours cut before headcount; LEI component. Decline leads payroll cuts by 1-3m.,2026-04-30 14:07 UTC
43,NEWORDER,NEWORDER,US Manufacturers' New Orders: Nondefense Capital Goods ex-Aircraft,USA,United States,North America,FRED,Growth,Leading Indicators,Manufacturing,L,Millions USD (SA),Monthly,82896.0000,80256.0000,2640.0000,2026-03-01,Proxy for business capex intentions; LEI component. Feb 1992+.,2026-04-30 14:07 UTC
44,TCU,TCU,US Capacity Utilization (Total Industry),USA,United States,North America,FRED,Growth,Real Activity,Manufacturing,C,Percent of Capacity (SA),Monthly,75.6596,76.1407,-0.4811,2026-03-01,Above 80% signals inflation pressure; below 75% = excess slack. Cycle-coincident.,2026-04-30 14:07 UTC
45,W875RX1,W875RX1,US Real Personal Income less Transfers,USA,United States,North America,FRED,Growth,Real Activity,Consumer,C,Billions 2017 USD (SAAR),Monthly,16686.9000,16688.2000,-1.3000,2026-03-01,Private-sector income generating capacity; NBER CEI component.,2026-04-30 14:07 UTC
46,PCEC96,PCEC96,US Real Personal Consumption Expenditures,USA,United States,North America,FRED,Growth,Real Activity,Consumer,C,Billions 2017 USD (SAAR),Monthly,16772.7000,16733.1000,39.6000,2026-03-01,~68% of GDP; tracks business cycle closely. Core demand metric.,2026-04-30 14:07 UTC
47,CMRMTSPL,CMRMTSPL,US Manufacturing & Trade Sales,USA,United States,North America,FRED,Growth,Real Activity,Consumer,C,Millions USD (SA),Monthly,1589639.0000,1580716.0000,8923.0000,2026-02-01,CEI component covering wholesale + retail + manufacturing. Broad activity measure.,2026-04-30 14:07 UTC
48,CFNAI,CFNAI,Chicago Fed National Activity Index (CFNAI),USA,United States,North America,FRED,Growth,Composite,Growth,C,Index,Monthly,-0.2000,0.0300,-0.2300,2026-03-01,Weighted avg of 85 monthly indicators; 3m avg (MA3) < -0.7 signals recession.,2026-04-30 14:07 UTC
49,ULCNFB,ULCNFB,US Unit Labour Costs (Nonfarm Business),USA,United States,North America,FRED,Inflation,Labour Costs,Labour,G,Index 2012=100 (SA),Quarterly,123.8960,122.5640,1.3320,2025-10-01,Wage inflation measure; turns after cycle peak. Rising = margin squeeze.,2026-04-30 14:07 UTC
50,UEMPMEAN,UEMPMEAN,US Average Duration of Unemployment,USA,United States,North America,FRED,Growth,Labour Market,Labour,G,Weeks (SA),Monthly,25.3000,25.7000,-0.4000,2026-03-01,LAG component; extends well into recoveries. >25 weeks = severe labour slack.,2026-04-30 14:07 UTC
51,TOTCI,TOTCI,US Commercial & Industrial Loans Outstanding,USA,United States,North America,FRED,Financial Conditions,Credit Conditions,Credit / Spreads,G,Billions USD (SA),Weekly,2864.5182,2862.8121,1.7061,2026-04-15,Bank lending volumes lag new-order signals. YoY contraction = credit crunch.,2026-04-30 14:07 UTC
52,CP,CP,US Corporate Profits After Tax (NIPA),USA,United States,North America,FRED,Growth,Earnings,Growth,C,Billions USD (SAAR),Quarterly,3792.2070,3591.3440,200.8630,2025-10-01,Economy-wide corporate profitability. Confirms cycle turns; forward-looking for equities.,2026-04-30 14:07 UTC
53,IRLTLT01GBM156N,GBR_GILT_10Y,UK 10-Year Gilt Yield,GBR,United Kingdom,Europe,FRED,Monetary Policy,Government Yields,Rates / Yields,C,% per annum,Monthly,4.7007,4.4324,0.2683,2026-03-01,UK benchmark long-rate; tracks BoE policy expectations and UK fiscal risk premium; used for UK-Bund spread analysis,2026-04-30 14:07 UTC
54,IRLTLT01DEM156N,DEU_BUND_10Y,Germany 10-Year Bund Yield,DEU,Germany,Europe,FRED,Monetary Policy,Government Yields,Rates / Yields,C,% per annum,Monthly,2.9052,2.7450,0.1602,2026-03-01,Core euro area reference rate and risk-free anchor for EUR bonds; used for intra-European sovereign spread analysis,2026-04-30 14:07 UTC
55,IRLTLT01ITM156N,ITA_BTP_10Y,Italy 10-Year BTP Yield,ITA,Italy,Europe,FRED,Monetary Policy,Government Yields,Rates / Yields,C,% per annum,Monthly,3.3880,3.4920,-0.1040,2026-02-01,Italian benchmark long-rate (OECD via FRED); BTP-Bund spread is the canonical eurozone peripheral risk premium gauge,2026-04-30 14:07 UTC
56,INDIRLTLT01STM,IND_GOVT_10Y,India 10-Year Government Bond Yield,IND,India,Asia,FRED,Monetary Policy,Government Yields,Rates / Yields,C,% per annum,Monthly,6.7833,6.7320,0.0513,2026-02-01,Indian sovereign 10-year benchmark yield (OECD via FRED); INDIRLTLT01STM uses inverted naming (not IRLTLT01INM156N),2026-04-30 14:07 UTC
57,BSCICP02DEM460S,DEU_BUS_CONF,Germany Business Confidence,DEU,Germany,Europe,FRED,Survey,Business Sentiment,Sentiment / Survey,L,Composite indicator (normal value = 100),Monthly,-14.5000,-15.2000,0.7000,2026-03-01,OECD business tendency survey composite for Germany; above 100 = above-trend optimism,2026-04-30 14:07 UTC
58,BSCICP02GBM460S,GBR_BUS_CONF,UK Business Confidence,GBR,United Kingdom,Europe,FRED,Survey,Business Sentiment,Sentiment / Survey,L,Composite indicator (normal value = 100),Monthly,-8.0636,-13.1650,5.1014,2026-03-01,OECD business tendency survey composite (manufacturing) for UK; CBI-survey-derived; 100 = long-run average. Monthly from 1977.,2026-04-30 14:07 UTC
59,BSCICP02FRM460S,FRA_BUS_CONF,France Business Confidence,FRA,France,Europe,FRED,Survey,Business Sentiment,Sentiment / Survey,L,Composite indicator (normal value = 100),Monthly,-8.6000,-5.7000,-2.9000,2026-03-01,OECD business tendency survey composite for France; above 100 = above-trend optimism,2026-04-30 14:07 UTC
60,BSCICP02ITM460S,ITA_BUS_CONF,Italy Business Confidence,ITA,Italy,Europe,FRED,Survey,Business Sentiment,Sentiment / Survey,L,Composite indicator (normal value = 100),Monthly,-5.8000,-6.3000,0.5000,2026-03-01,OECD business tendency survey composite for Italy; above 100 = above-trend optimism,2026-04-30 14:07 UTC
61,CSCICP02DEM460S,DEU_CON_CONF,Germany Consumer Confidence,DEU,Germany,Europe,FRED,Survey,Consumer Sentiment,Sentiment / Survey,L,Composite indicator (normal value = 100),Monthly,-13.5000,-10.9000,-2.6000,2026-03-01,OECD consumer opinion survey composite for Germany; below 100 = below-trend pessimism,2026-04-30 14:07 UTC
62,BAMLHE00EHYIOAS,BAMLHE00EHYIOAS,ICE BofA Euro High Yield OAS,EA19,Eurozone,Europe,FRED,Financial Conditions,Credit Spreads,Credit / Spreads,L,Percent,Daily,2.8000,2.8200,-0.0200,2026-04-29,Option-adjusted spread on EUR-denominated BB-and-below corporate bonds; consumed by EU_Cr2 (Euro HY spread regime indicator),2026-04-30 14:07 UTC
63,CSCICP02GBM460S,GBR_CON_CONF,UK Consumer Confidence,GBR,United Kingdom,Europe,FRED,Survey,Consumer Sentiment,Sentiment / Survey,L,Composite indicator (normal value = 100),Monthly,-15.2500,-12.5000,-2.7500,2026-03-01,OECD consumer opinion survey composite for UK; below 100 = below-trend pessimism,2026-04-30 14:07 UTC
64,CSCICP02JPM460S,JPN_CON_CONF,Japan Consumer Confidence,JPN,Japan,Asia,FRED,Survey,Consumer Sentiment,Sentiment / Survey,L,Composite indicator (normal value = 100),Monthly,40.0000,37.9000,2.1000,2026-02-01,OECD consumer opinion survey composite for Japan; below 100 = below-trend pessimism,2026-04-30 14:07 UTC
65,CSCICP02CNM460S,CHN_CON_CONF,China Consumer Confidence,CHN,China,Asia,FRED,Survey,Consumer Sentiment,Sentiment / Survey,L,Composite indicator (normal value = 100),Monthly,91.6000,90.6000,1.0000,2026-02-01,OECD consumer opinion survey composite for China; below 100 = below-trend pessimism,2026-04-30 14:07 UTC
66,CHNBSCICP02STSAM,CHN_BUS_CONF,China Business Confidence,CHN,China,Asia,FRED,Survey,Business Sentiment,Sentiment / Survey,L,Composite indicator (normal value = 100),Monthly,0.8000,-2.0000,2.8000,2026-03-01,OECD business tendency survey composite (manufacturing) for China; NBS PMI-derived; 100 = long-run average. Feb 2000+.,2026-04-30 14:07 UTC
67,GBRCPIALLMINMEI,GBR_CPI,UK CPI (All Items),GBR,United Kingdom,Europe,FRED,Inflation,CPI,Inflation,G,Index 2015=100,Monthly,136.1000,135.6000,0.5000,2025-03-01,UK headline consumer prices. Replaces annual World Bank CPI proxy.,2026-04-30 14:07 UTC
68,BOERUKM,GBR_BANK_RATE,Bank of England Policy Rate,GBR,United Kingdom,Europe,FRED,Monetary Policy,Policy Rate,Rates / Yields,G,Percent,Monthly,0.2500,0.2500,0.0000,2017-01-01,BoE Bank Rate. MPC decisions react to backward-looking data.,2026-04-30 14:07 UTC
69,DEUPROINDMISMEI,DEU_IND_PROD,Germany Industrial Production,DEU,Germany,Europe,FRED,Growth,Real Activity,Growth,C,Index 2015=100 (SA),Monthly,91.4304,92.1070,-0.6766,2024-03-01,Bellwether for euro-area manufacturing. Leads EZ GDP.,2026-04-30 14:07 UTC
70,EA19CPALTT01GYM,EA_HICP,Eurozone HICP Inflation YoY,EA19,Eurozone,Europe,FRED,Inflation,CPI,Inflation,G,Percent Change YoY,Monthly,8.7000,9.2000,-0.5000,2023-01-01,ECB target variable (2%). Replaces annual World Bank CPI proxy.,2026-04-30 14:07 UTC
71,ECBDFR,EA_DEPOSIT_RATE,ECB Deposit Facility Rate,EA19,Eurozone,Europe,FRED,Monetary Policy,Policy Rate,Rates / Yields,G,Percent,Daily,2.0000,2.0000,0.0000,2026-04-30,ECB key policy rate since Oct 2019 corridor reform. Lagging indicator.,2026-04-30 14:07 UTC
72,RBJPBIS,JPN_REER,Japan Real Effective Exchange Rate (BIS),JPN,Japan,Asia,FRED,FX,Exchange Rates,External / Trade,C,Index 2020=100,Monthly,66.3300,67.0200,-0.6900,2026-03-01,Weak JPY supports exporter earnings. BIS broad REER; 1994+.,2026-04-30 14:07 UTC
73,JPNPROINDMISMEI,JPN_IND_PROD,Japan Industrial Production,JPN,Japan,Asia,FRED,Growth,Real Activity,Growth,C,Index 2015=100 (SA),Monthly,92.3128,88.7588,3.5540,2024-03-01,METI monthly IP. Coincident cycle measure for Japan manufacturing.,2026-04-30 14:07 UTC
74,JPNCPIALLMINMEI,JPN_CPI,Japan CPI (All Items),JPN,Japan,Asia,FRED,Inflation,CPI,Inflation,G,Index 2015=100,Monthly,,,,,Japan headline consumer prices. Replaces annual World Bank CPI proxy.,2026-04-30 14:07 UTC
75,IRSTCB01JPM156N,JPN_POLICY_RATE,BoJ Policy Rate,JPN,Japan,Asia,FRED,Monetary Policy,Policy Rate,Rates / Yields,G,Percent,Monthly,0.3000,0.3000,0.0000,2023-12-01,Bank of Japan short-term policy rate. OECD-sourced.,2026-04-30 14:07 UTC
76,MYAGM2CNM189N,CHN_M2,China M2 Money Supply YoY,CHN,China,Asia,FRED,Growth,Money Supply,Money / Liquidity,L,Percent Change YoY,Monthly,193549242773720.0000,191941081632526.0000,1608161141194.0000,2019-08-01,M1-M2 spread watched as liquidity / animal-spirits gauge. OECD-sourced.,2026-04-30 14:07 UTC
77,IRSTCB01CNM156N,CHN_POLICY_RATE,China PBoC Policy Rate,CHN,China,Asia,FRED,Monetary Policy,Policy Rate,Rates / Yields,G,Percent,Monthly,2.9000,2.9000,0.0000,2023-11-01,PBoC 7-day reverse repo rate proxy. OECD central bank rate.,2026-04-30 14:07 UTC
78,CHNCPIALLMINMEI,CHN_CPI,China CPI (All Items),CHN,China,Asia,FRED,Inflation,CPI,Inflation,G,Index 2015=100,Monthly,115.0297,115.1156,-0.0859,2025-04-01,China headline CPI. Replaces annual World Bank CPI proxy. Food-weighted.,2026-04-30 14:07 UTC
79,CHNPIEATI01GYM,CHN_PPI,China PPI All Items YoY,CHN,China,Asia,FRED,Inflation,PPI,Inflation,C,Percent Change YoY,Monthly,-0.7000,-1.3000,0.6000,2022-12-01,China headline producer prices YoY% (OECD MEI mirror via FRED). Leads CPI by 2-3m; complements CHN_CPI for inflation-cycle reads. Replaces invalid CHNPPIALLMINMEI ID introduced 2026-04-23.,2026-04-30 14:07 UTC
80,CHNPRINTO01IXPYM,CHN_IND_PROD,China Industrial Production,CHN,China,Asia,FRED,Growth,Real Activity,Growth,C,Index 2015=100 (SA),Monthly,106.6000,104.6000,2.0000,2023-11-01,Total industry excl. construction. OECD-sourced; 1990+.,2026-04-30 14:07 UTC
81,XTIMVA01CNM667S,CHN_IMPORTS,China Imports (Merchandise),CHN,China,Asia,FRED,Growth,Trade,External / Trade,C,USD Growth Rate YoY,Monthly,221265100000.0000,219560200000.0000,1704900000.0000,2025-12-01,Domestic demand barometer given commodity intensity. OECD-sourced.,2026-04-30 14:07 UTC
82,XTEXVA01CNM667S,CHN_EXPORTS,China Exports (Merchandise),CHN,China,Asia,FRED,Growth,Trade,External / Trade,C,USD Growth Rate YoY,Monthly,323794900000.0000,323240900000.0000,554000000.0000,2025-12-01,External demand gauge; tracks global trade cycle. OECD-sourced.,2026-04-30 14:07 UTC
83,CLI,CHN_CLI,Composite Leading Indicator (CLI),CHN,China,Asia,OECD,Leading Indicators,CLI,Leading Indicators,L,Index (amplitude adjusted; long-run avg = 100),Monthly,98.4877,98.5144,-0.0267,2026-03,Above 100 and rising = above-trend expansion; below 100 and falling = below-trend slowdown,2026-04-30 14:07 UTC
84,CLI,JPN_CLI,Composite Leading Indicator (CLI),JPN,Japan,Asia,OECD,Leading Indicators,CLI,Leading Indicators,L,Index (amplitude adjusted; long-run avg = 100),Monthly,100.2516,100.1680,0.0836,2026-03,Above 100 and rising = above-trend expansion; below 100 and falling = below-trend slowdown,2026-04-30 14:07 UTC
85,CLI,CAN_CLI,Composite Leading Indicator (CLI),CAN,Canada,North America,OECD,Leading Indicators,CLI,Leading Indicators,L,Index (amplitude adjusted; long-run avg = 100),Monthly,101.6058,101.5316,0.0742,2026-03,Above 100 and rising = above-trend expansion; below 100 and falling = below-trend slowdown,2026-04-30 14:07 UTC
86,CLI,GBR_CLI,Composite Leading Indicator (CLI),GBR,United Kingdom,Europe,OECD,Leading Indicators,CLI,Leading Indicators,L,Index (amplitude adjusted; long-run avg = 100),Monthly,101.0437,101.0739,-0.0302,2026-03,Above 100 and rising = above-trend expansion; below 100 and falling = below-trend slowdown,2026-04-30 14:07 UTC
87,CLI,FRA_CLI,Composite Leading Indicator (CLI),FRA,France,Europe,OECD,Leading Indicators,CLI,Leading Indicators,L,Index (amplitude adjusted; long-run avg = 100),Monthly,101.0226,101.0080,0.0146,2026-03,Above 100 and rising = above-trend expansion; below 100 and falling = below-trend slowdown,2026-04-30 14:07 UTC
88,CLI,AUS_CLI,Composite Leading Indicator (CLI),AUS,Australia,Asia-Pacific,OECD,Leading Indicators,CLI,Leading Indicators,L,Index (amplitude adjusted; long-run avg = 100),Monthly,100.8247,100.7602,0.0645,2026-03,Above 100 and rising = above-trend expansion; below 100 and falling = below-trend slowdown,2026-04-30 14:07 UTC
89,CLI,DEU_CLI,Composite Leading Indicator (CLI),DEU,Germany,Europe,OECD,Leading Indicators,CLI,Leading Indicators,L,Index (amplitude adjusted; long-run avg = 100),Monthly,101.3453,101.2657,0.0796,2026-03,Above 100 and rising = above-trend expansion; below 100 and falling = below-trend slowdown,2026-04-30 14:07 UTC
90,CLI,USA_CLI,Composite Leading Indicator (CLI),USA,United States,North America,OECD,Leading Indicators,CLI,Leading Indicators,L,Index (amplitude adjusted; long-run avg = 100),Monthly,100.8895,100.7736,0.1159,2026-03,Above 100 and rising = above-trend expansion; below 100 and falling = below-trend slowdown,2026-04-30 14:07 UTC
91,CLI,ITA_CLI,Composite Leading Indicator (CLI),ITA,Italy,Europe,OECD,Leading Indicators,CLI,Leading Indicators,L,Index (amplitude adjusted; long-run avg = 100),Monthly,100.9004,100.9665,-0.0661,2026-03,Above 100 and rising = above-trend expansion; below 100 and falling = below-trend slowdown,2026-04-30 14:07 UTC
92,UNEMPLOYMENT,JPN_UNEMPLOYMENT,Unemployment Rate,JPN,Japan,Asia,OECD,Labour Market,Unemployment,Labour,G,% of labour force (SA total age 15+),Monthly,2.6000,2.7000,-0.1000,2026-02,Seasonally adjusted total unemployment. Sustained rise = labour market deterioration signal. CHN and EA19 not available in OECD LFS.,2026-04-30 14:07 UTC
93,UNEMPLOYMENT,AUS_UNEMPLOYMENT,Unemployment Rate,AUS,Australia,Asia-Pacific,OECD,Labour Market,Unemployment,Labour,G,% of labour force (SA total age 15+),Monthly,4.2780,4.0733,0.2047,2026-02,Seasonally adjusted total unemployment. Sustained rise = labour market deterioration signal. CHN and EA19 not available in OECD LFS.,2026-04-30 14:07 UTC
94,UNEMPLOYMENT,DEU_UNEMPLOYMENT,Unemployment Rate,DEU,Germany,Europe,OECD,Labour Market,Unemployment,Labour,G,% of labour force (SA total age 15+),Monthly,4.0000,4.0000,0.0000,2026-02,Seasonally adjusted total unemployment. Sustained rise = labour market deterioration signal. CHN and EA19 not available in OECD LFS.,2026-04-30 14:07 UTC
95,UNEMPLOYMENT,CAN_UNEMPLOYMENT,Unemployment Rate,CAN,Canada,North America,OECD,Labour Market,Unemployment,Labour,G,% of labour force (SA total age 15+),Monthly,6.7000,6.7000,0.0000,2026-03,Seasonally adjusted total unemployment. Sustained rise = labour market deterioration signal. CHN and EA19 not available in OECD LFS.,2026-04-30 14:07 UTC
96,UNEMPLOYMENT,ITA_UNEMPLOYMENT,Unemployment Rate,ITA,Italy,Europe,OECD,Labour Market,Unemployment,Labour,G,% of labour force (SA total age 15+),Monthly,5.3000,5.2000,0.1000,2026-02,Seasonally adjusted total unemployment. Sustained rise = labour market deterioration signal. CHN and EA19 not available in OECD LFS.,2026-04-30 14:07 UTC
97,UNEMPLOYMENT,FRA_UNEMPLOYMENT,Unemployment Rate,FRA,France,Europe,OECD,Labour Market,Unemployment,Labour,G,% of labour force (SA total age 15+),Monthly,7.8000,7.8000,0.0000,2026-02,Seasonally adjusted total unemployment. Sustained rise = labour market deterioration signal. CHN and EA19 not available in OECD LFS.,2026-04-30 14:07 UTC
98,UNEMPLOYMENT,GBR_UNEMPLOYMENT,Unemployment Rate,GBR,United Kingdom,Europe,OECD,Labour Market,Unemployment,Labour,G,% of labour force (SA total age 15+),Monthly,5.2000,5.2000,0.0000,2025-12,Seasonally adjusted total unemployment. Sustained rise = labour market deterioration signal. CHN and EA19 not available in OECD LFS.,2026-04-30 14:07 UTC
99,UNEMPLOYMENT,USA_UNEMPLOYMENT,Unemployment Rate,USA,United States,North America,OECD,Labour Market,Unemployment,Labour,G,% of labour force (SA total age 15+),Monthly,4.3000,4.4000,-0.1000,2026-03,Seasonally adjusted total unemployment. Sustained rise = labour market deterioration signal. CHN and EA19 not available in OECD LFS.,2026-04-30 14:07 UTC
100,RATE_3M,CHE_RATE_3M,Short-term Interest Rate (3M),CHE,Switzerland,Europe,OECD,Monetary Policy,Interest Rates,Rates / Yields,C,% per annum,Monthly,-0.0400,-0.0435,0.0035,2026-03,3-month interbank rate (measure IR3TIB on OECD DSD_STES@DF_FINMARK); proxy for policy rate trajectory. Rising = tightening cycle; falling = easing. CHN not available.,2026-04-30 14:07 UTC
101,RATE_3M,EA19_RATE_3M,Short-term Interest Rate (3M),EA19,Eurozone,Europe,OECD,Monetary Policy,Interest Rates,Rates / Yields,C,% per annum,Monthly,2.0277,2.0458,-0.0181,2026-01,3-month interbank rate (measure IR3TIB on OECD DSD_STES@DF_FINMARK); proxy for policy rate trajectory. Rising = tightening cycle; falling = easing. CHN not available.,2026-04-30 14:07 UTC
102,RATE_3M,USA_RATE_3M,Short-term Interest Rate (3M),USA,United States,North America,OECD,Monetary Policy,Interest Rates,Rates / Yields,C,% per annum,Monthly,3.6900,3.6600,0.0300,2026-03,3-month interbank rate (measure IR3TIB on OECD DSD_STES@DF_FINMARK); proxy for policy rate trajectory. Rising = tightening cycle; falling = easing. CHN not available.,2026-04-30 14:07 UTC
103,RATE_3M,CAN_RATE_3M,Short-term Interest Rate (3M),CAN,Canada,North America,OECD,Monetary Policy,Interest Rates,Rates / Yields,C,% per annum,Monthly,2.2300,2.1775,0.0525,2026-03,3-month interbank rate (measure IR3TIB on OECD DSD_STES@DF_FINMARK); proxy for policy rate trajectory. Rising = tightening cycle; falling = easing. CHN not available.,2026-04-30 14:07 UTC
104,RATE_3M,AUS_RATE_3M,Short-term Interest Rate (3M),AUS,Australia,Asia-Pacific,OECD,Monetary Policy,Interest Rates,Rates / Yields,C,% per annum,Monthly,4.1900,3.9600,0.2300,2026-03,3-month interbank rate (measure IR3TIB on OECD DSD_STES@DF_FINMARK); proxy for policy rate trajectory. Rising = tightening cycle; falling = easing. CHN not available.,2026-04-30 14:07 UTC
105,RATE_3M,FRA_RATE_3M,Short-term Interest Rate (3M),FRA,France,Europe,OECD,Monetary Policy,Interest Rates,Rates / Yields,C,% per annum,Monthly,2.1094,2.0113,0.0981,2026-03,3-month interbank rate (measure IR3TIB on OECD DSD_STES@DF_FINMARK); proxy for policy rate trajectory. Rising = tightening cycle; falling = easing. CHN not available.,2026-04-30 14:07 UTC
106,RATE_3M,ITA_RATE_3M,Short-term Interest Rate (3M),ITA,Italy,Europe,OECD,Monetary Policy,Interest Rates,Rates / Yields,C,% per annum,Monthly,2.1094,2.0113,0.0981,2026-03,3-month interbank rate (measure IR3TIB on OECD DSD_STES@DF_FINMARK); proxy for policy rate trajectory. Rising = tightening cycle; falling = easing. CHN not available.,2026-04-30 14:07 UTC
107,RATE_3M,JPN_RATE_3M,Short-term Interest Rate (3M),JPN,Japan,Asia,OECD,Monetary Policy,Interest Rates,Rates / Yields,C,% per annum,Monthly,1.2700,1.2291,0.0409,2026-03,3-month interbank rate (measure IR3TIB on OECD DSD_STES@DF_FINMARK); proxy for policy rate trajectory. Rising = tightening cycle; falling = easing. CHN not available.,2026-04-30 14:07 UTC
108,RATE_3M,GBR_RATE_3M,Short-term Interest Rate (3M),GBR,United Kingdom,Europe,OECD,Monetary Policy,Interest Rates,Rates / Yields,C,% per annum,Monthly,3.6200,3.7100,-0.0900,2026-02,3-month interbank rate (measure IR3TIB on OECD DSD_STES@DF_FINMARK); proxy for policy rate trajectory. Rising = tightening cycle; falling = easing. CHN not available.,2026-04-30 14:07 UTC
109,RATE_3M,DEU_RATE_3M,Short-term Interest Rate (3M),DEU,Germany,Europe,OECD,Monetary Policy,Interest Rates,Rates / Yields,C,% per annum,Monthly,2.1094,2.0113,0.0981,2026-03,3-month interbank rate (measure IR3TIB on OECD DSD_STES@DF_FINMARK); proxy for policy rate trajectory. Rising = tightening cycle; falling = easing. CHN not available.,2026-04-30 14:07 UTC
110,FP.CPI.TOTL.ZG,AUS_CPI,CPI Headline YoY %,AUS,Australia,Asia-Pacific,World Bank,Inflation,CPI,Inflation,G,% change year-on-year (annual average),Annual,3.1666,5.5970,-2.4305,2024,World Bank / ILO annual average CPI inflation. >2% = above DM central bank targets; >5% = high-inflation regime,2026-04-30 14:07 UTC
111,FP.CPI.TOTL.ZG,CAN_CPI,CPI Headline YoY %,CAN,Canada,North America,World Bank,Inflation,CPI,Inflation,G,% change year-on-year (annual average),Annual,2.3816,3.8790,-1.4974,2024,World Bank / ILO annual average CPI inflation. >2% = above DM central bank targets; >5% = high-inflation regime,2026-04-30 14:07 UTC
112,FP.CPI.TOTL.ZG,CHE_CPI,CPI Headline YoY %,CHE,Switzerland,Europe,World Bank,Inflation,CPI,Inflation,G,% change year-on-year (annual average),Annual,1.0623,2.1354,-1.0731,2024,World Bank / ILO annual average CPI inflation. >2% = above DM central bank targets; >5% = high-inflation regime,2026-04-30 14:07 UTC
113,FP.CPI.TOTL.ZG,CHN_CPI,CPI Headline YoY %,CHN,China,Asia,World Bank,Inflation,CPI,Inflation,G,% change year-on-year (annual average),Annual,0.2181,0.2348,-0.0167,2024,World Bank / ILO annual average CPI inflation. >2% = above DM central bank targets; >5% = high-inflation regime,2026-04-30 14:07 UTC
114,FP.CPI.TOTL.ZG,DEU_CPI,CPI Headline YoY %,DEU,Germany,Europe,World Bank,Inflation,CPI,Inflation,G,% change year-on-year (annual average),Annual,2.2565,5.9464,-3.6899,2024,World Bank / ILO annual average CPI inflation. >2% = above DM central bank targets; >5% = high-inflation regime,2026-04-30 14:07 UTC
115,FP.CPI.TOTL.ZG,FRA_CPI,CPI Headline YoY %,FRA,France,Europe,World Bank,Inflation,CPI,Inflation,G,% change year-on-year (annual average),Annual,1.9990,4.8784,-2.8793,2024,World Bank / ILO annual average CPI inflation. >2% = above DM central bank targets; >5% = high-inflation regime,2026-04-30 14:07 UTC
116,FP.CPI.TOTL.ZG,GBR_CPI,CPI Headline YoY %,GBR,United Kingdom,Europe,World Bank,Inflation,CPI,Inflation,G,% change year-on-year (annual average),Annual,3.2716,6.7940,-3.5224,2024,World Bank / ILO annual average CPI inflation. >2% = above DM central bank targets; >5% = high-inflation regime,2026-04-30 14:07 UTC
117,FP.CPI.TOTL.ZG,ITA_CPI,CPI Headline YoY %,ITA,Italy,Europe,World Bank,Inflation,CPI,Inflation,G,% change year-on-year (annual average),Annual,0.9824,5.6222,-4.6398,2024,World Bank / ILO annual average CPI inflation. >2% = above DM central bank targets; >5% = high-inflation regime,2026-04-30 14:07 UTC
118,FP.CPI.TOTL.ZG,JPN_CPI,CPI Headline YoY %,JPN,Japan,Asia,World Bank,Inflation,CPI,Inflation,G,% change year-on-year (annual average),Annual,2.7385,3.2681,-0.5296,2024,World Bank / ILO annual average CPI inflation. >2% = above DM central bank targets; >5% = high-inflation regime,2026-04-30 14:07 UTC
119,FP.CPI.TOTL.ZG,USA_CPI,CPI Headline YoY %,USA,United States,North America,World Bank,Inflation,CPI,Inflation,G,% change year-on-year (annual average),Annual,2.9495,4.1163,-1.1668,2024,World Bank / ILO annual average CPI inflation. >2% = above DM central bank targets; >5% = high-inflation regime,2026-04-30 14:07 UTC
120,NGDP_RPCH,AUS_GDP_GROWTH,Real GDP Growth (Annual %),AUS,Australia,Asia-Pacific,IMF,Growth,GDP,Growth,C,% change year-on-year constant prices,Annual,2.3000,2.3000,0.0000,2031,IMF World Economic Outlook; includes forward projections for current and next year. Negative = recession-year contraction,2026-04-30 14:07 UTC
121,NGDP_RPCH,CAN_GDP_GROWTH,Real GDP Growth (Annual %),CAN,Canada,North America,IMF,Growth,GDP,Growth,C,% change year-on-year constant prices,Annual,1.8000,1.7000,0.1000,2031,IMF World Economic Outlook; includes forward projections for current and next year. Negative = recession-year contraction,2026-04-30 14:07 UTC
122,NGDP_RPCH,CHN_GDP_GROWTH,Real GDP Growth (Annual %),CHN,China,Asia,IMF,Growth,GDP,Growth,C,% change year-on-year constant prices,Annual,3.3000,3.3000,0.0000,2031,IMF World Economic Outlook; includes forward projections for current and next year. Negative = recession-year contraction,2026-04-30 14:07 UTC
123,NGDP_RPCH,FRA_GDP_GROWTH,Real GDP Growth (Annual %),FRA,France,Europe,IMF,Growth,GDP,Growth,C,% change year-on-year constant prices,Annual,1.1000,1.1000,0.0000,2031,IMF World Economic Outlook; includes forward projections for current and next year. Negative = recession-year contraction,2026-04-30 14:07 UTC
124,NGDP_RPCH,DEU_GDP_GROWTH,Real GDP Growth (Annual %),DEU,Germany,Europe,IMF,Growth,GDP,Growth,C,% change year-on-year constant prices,Annual,0.6000,0.7000,-0.1000,2031,IMF World Economic Outlook; includes forward projections for current and next year. Negative = recession-year contraction,2026-04-30 14:07 UTC
125,NGDP_RPCH,ITA_GDP_GROWTH,Real GDP Growth (Annual %),ITA,Italy,Europe,IMF,Growth,GDP,Growth,C,% change year-on-year constant prices,Annual,0.7000,0.7000,0.0000,2031,IMF World Economic Outlook; includes forward projections for current and next year. Negative = recession-year contraction,2026-04-30 14:07 UTC
126,NGDP_RPCH,JPN_GDP_GROWTH,Real GDP Growth (Annual %),JPN,Japan,Asia,IMF,Growth,GDP,Growth,C,% change year-on-year constant prices,Annual,0.6000,0.6000,0.0000,2031,IMF World Economic Outlook; includes forward projections for current and next year. Negative = recession-year contraction,2026-04-30 14:07 UTC
127,NGDP_RPCH,CHE_GDP_GROWTH,Real GDP Growth (Annual %),CHE,Switzerland,Europe,IMF,Growth,GDP,Growth,C,% change year-on-year constant prices,Annual,1.2000,1.8000,-0.6000,2031,IMF World Economic Outlook; includes forward projections for current and next year. Negative = recession-year contraction,2026-04-30 14:07 UTC
128,NGDP_RPCH,GBR_GDP_GROWTH,Real GDP Growth (Annual %),GBR,United Kingdom,Europe,IMF,Growth,GDP,Growth,C,% change year-on-year constant prices,Annual,1.4000,1.5000,-0.1000,2031,IMF World Economic Outlook; includes forward projections for current and next year. Negative = recession-year contraction,2026-04-30 14:07 UTC
129,NGDP_RPCH,USA_GDP_GROWTH,Real GDP Growth (Annual %),USA,United States,North America,IMF,Growth,GDP,Growth,C,% change year-on-year constant prices,Annual,1.8000,1.8000,0.0000,2031,IMF World Economic Outlook; includes forward projections for current and next year. Negative = recession-year contraction,2026-04-30 14:07 UTC
130,NGDP_RPCH,EA19_GDP_GROWTH,Real GDP Growth (Annual %),EA19,Eurozone,Europe,IMF,Growth,GDP,Growth,C,% change year-on-year constant prices,Annual,1.1000,1.1000,0.0000,2031,IMF World Economic Outlook; includes forward projections for current and next year. Negative = recession-year contraction,2026-04-30 14:07 UTC
131,Eurostat/ei_bssi_m_r2/M.BS-ESI-I.SA.EA20,EU_ESI,EC Economic Sentiment Indicator (EA),EA19,Eurozone,Europe,DB.nomics,Survey,Sentiment,Sentiment / Survey,L,Index (long-run avg = 100),Monthly,96.7000,97.1000,-0.4000,2025-12,EC headline ESI composite; >100 = above-average confidence. Verified: 552 obs 1980-01 → 2025-12.,2026-04-30 14:07 UTC
132,Eurostat/ei_bssi_m_r2/M.BS-ICI-BAL.SA.EA20,EU_IND_CONF,EC Industry Confidence (EA),EA19,Eurozone,Europe,DB.nomics,Survey,Sentiment,Sentiment / Survey,L,Balance (% points),Monthly,-9.0000,-9.3000,0.3000,2025-12,EC industrial confidence sub-indicator; balance of positive minus negative responses. Verified: 552 obs 1980-01 → 2025-12.,2026-04-30 14:07 UTC
133,Eurostat/ei_bssi_m_r2/M.BS-SCI-BAL.SA.EA20,EU_SVC_CONF,EC Services Confidence (EA),EA19,Eurozone,Europe,DB.nomics,Survey,Sentiment,Sentiment / Survey,L,Balance (% points),Monthly,5.6000,5.8000,-0.2000,2025-12,EC services confidence sub-indicator; balance of positive minus negative responses. Verified: 369 obs 1995-04 → 2025-12.,2026-04-30 14:07 UTC
134,ISM/pmi/pm,ISM_MFG_PMI,ISM Manufacturing PMI,USA,United States,North America,DB.nomics,Survey,PMI,Sentiment / Survey,L,Diffusion Index (50 = neutral),Monthly,10.3000,10.0000,0.3000,2025-12,ISM headline Manufacturing PMI composite. DB.nomics mirror may lag 4-8 months. Replaces FMP calendar (paywalled 2025-08).,2026-04-30 14:07 UTC
135,ISM/neword/in,ISM_MFG_NEWORD,ISM Manufacturing New Orders,USA,United States,North America,DB.nomics,Survey,PMI,Sentiment / Survey,L,Diffusion Index (50 = neutral),Monthly,47.7000,47.4000,0.3000,2025-12,ISM Manufacturing New Orders sub-index. Most forward-looking PMI component. Replaces FMP calendar.,2026-04-30 14:07 UTC
136,ISM/nm-pmi/pm,ISM_SVC_PMI,ISM Services PMI (Non-Manufacturing),USA,United States,North America,DB.nomics,Survey,PMI,Sentiment / Survey,L,Diffusion Index (50 = neutral),Monthly,52.0000,50.1000,1.9000,2025-08,ISM Non-Manufacturing headline PMI. Services ~70% of US GDP. Replaces FMP calendar.,2026-04-30 14:07 UTC
137,Eurostat/teiis080/M.PRD.B-D.I21_SCA.EA20,EZ_IND_PROD,Eurozone Industrial Production,EA19,Eurozone,Europe,DB.nomics,Growth,Real Activity,Growth,C,Index 2021=100 (SCA),Monthly,99.5000,98.8000,0.7000,2025-11,Total industry excl. construction (NACE B-D). Headline EA20 aggregate via Eurostat teiis080 cube (composite unit I21_SCA).,2026-04-30 14:07 UTC
138,Eurostat/teiis260/M.VOL_SLS.G47_NFOOD_X_G473.I21_SCA.EA20,EZ_RETAIL_VOL,Eurozone Retail Sales Volume (Non-Food ex Fuel),EA19,Eurozone,Europe,DB.nomics,Growth,Real Activity,Consumer,C,Index 2021=100 (SCA),Monthly,109.0000,108.6000,0.4000,2025-11,Volume of sales for retail of non-food products excluding fuel (NACE G47_NFOOD_X_G473). The teiis260 cube is the only EA20 SCA aggregate DBnomics carries for this dataset; total retail incl. food is not exposed at the EA20 level. Short history (2023+).,2026-04-30 14:07 UTC
139,Eurostat/namq_10_a10_e/Q.THS_PER.TOTAL.SCA.EMP_DC.EA20,EZ_EMPLOYMENT,Eurozone Employment,EA19,Eurozone,Europe,DB.nomics,Growth,Labour Market,Labour,C,Thousands of Persons (SCA),Quarterly,172210.3700,171938.5800,271.7900,2025-Q3,Total employment domestic concept. Cycle-coincident labour market indicator.,2026-04-30 14:07 UTC
140,Eurostat/teiis080/M.PRD.B-D.I21_SCA.DE,DEU_IND_PROD,Germany Industrial Production,DEU,Germany,Europe,DB.nomics,Growth,Real Activity,Growth,C,Index 2021=100 (SCA),Monthly,93.2000,92.2000,1.0000,2025-11,T1 fallback for FRED DEUPROINDMISMEI (frozen 2024-03). Eurostat teiis080 cube — same dataset as EZ_IND_PROD with country code DE. Wired §3.1 Stage B 2026-04-30.,2026-04-30 14:07 UTC
141,Eurostat/prc_hicp_manr/M.RCH_A.CP00.EA20,EA_HICP,Eurozone HICP Inflation YoY,EA19,Eurozone,Europe,DB.nomics,Inflation,CPI,Inflation,G,Percent Change YoY,Monthly,1.9000,2.1000,-0.2000,2025-12,T1 fallback for FRED EA19CPALTT01GYM (frozen 2023-01). Eurostat prc_hicp_manr — direct via DB.nomics. Wired §3.1 Stage B 2026-04-30.,2026-04-30 14:07 UTC
142,IMF/IFS/M.JP.FPOLM_PA,JPN_POLICY_RATE,BoJ Policy Rate,JPN,Japan,Asia,DB.nomics,Monetary Policy,Policy Rate,Rates / Yields,G,Percent,Monthly,0.5000,0.5000,0.0000,2025-07,T1 fallback for FRED IRSTCB01JPM156N (frozen 2008-12). IMF IFS Bank of Japan policy rate. Wired §3.1 Stage B 2026-04-30.,2026-04-30 14:07 UTC
143,IMF/IFS/M.CN.FPOLM_PA,CHN_POLICY_RATE,PBoC Policy Rate,CHN,China,Asia,DB.nomics,Monetary Policy,Policy Rate,Rates / Yields,G,Percent,Monthly,1.4000,1.4000,0.0000,2025-06,T1 fallback for FRED IRSTCB01CNM156N (frozen 2015-11). IMF IFS PBoC policy rate. Wired §3.1 Stage B 2026-04-30.,2026-04-30 14:07 UTC
144,IUDBEDR,GBR_BANK_RATE,Bank of England Bank Rate,GBR,United Kingdom,Europe,BoE,Monetary Policy,Policy Rate,Rates / Yields,G,Percent,Monthly,,,,,T2 fallback for FRED BOERUKM (frozen 2016-08-05). BoE IADB direct CSV via _iadb-fromshowcolumns.asp; series IUDBEDR is the canonical Bank Rate. Wired §3.1 Stage D 2026-04-30.,2026-04-30 14:07 UTC
145,it_climate_idx,DE_IFO,ifo Business Climate (Industry+Trade),DEU,Germany,Europe,ifo,Survey,Business Sentiment,Sentiment / Survey,L,Index (2015 = 100),Monthly,,,,,Headline ifo composite (Manufacturing + Trade) in index form. History back to 01/1991 via Sectors sheet.,2026-04-30 14:07 UTC
146,it_situation_idx,DE_IFO_SIT,ifo Business Situation (Industry+Trade),DEU,Germany,Europe,ifo,Survey,Business Sentiment,Sentiment / Survey,C,Index (2015 = 100),Monthly,,,,,Current-assessment component of the Industry+Trade composite. Index form.,2026-04-30 14:07 UTC
147,it_expectations_idx,DE_IFO_EXP,ifo Business Expectations (Industry+Trade),DEU,Germany,Europe,ifo,Survey,Business Sentiment,Sentiment / Survey,L,Index (2015 = 100),Monthly,,,,,Forward-looking component of the Industry+Trade composite. Index form.,2026-04-30 14:07 UTC
148,it_climate_bal,DE_IFO_BAL,ifo Business Climate (Industry+Trade balance),DEU,Germany,Europe,ifo,Survey,Business Sentiment,Sentiment / Survey,L,Balance (% points SA),Monthly,,,,,Balance form (% positive - % negative) of Industry+Trade Climate.,2026-04-30 14:07 UTC
149,it_situation_bal,DE_IFO_SIT_BAL,ifo Business Situation (Industry+Trade balance),DEU,Germany,Europe,ifo,Survey,Business Sentiment,Sentiment / Survey,C,Balance (% points SA),Monthly,,,,,Balance form of Industry+Trade Situation.,2026-04-30 14:07 UTC
150,it_expectations_bal,DE_IFO_EXP_BAL,ifo Business Expectations (Industry+Trade balance),DEU,Germany,Europe,ifo,Survey,Business Sentiment,Sentiment / Survey,L,Balance (% points SA),Monthly,,,,,Balance form of Industry+Trade Expectations.,2026-04-30 14:07 UTC
151,mfg_climate,DE_IFO_MFG,ifo Manufacturing Climate,DEU,Germany,Europe,ifo,Survey,Business Sentiment,Sentiment / Survey,L,Balance (% points SA),Monthly,,,,,Manufacturing sector climate balance. History from 01/1991.,2026-04-30 14:07 UTC
152,mfg_situation,DE_IFO_MFG_SIT,ifo Manufacturing Situation,DEU,Germany,Europe,ifo,Survey,Business Sentiment,Sentiment / Survey,C,Balance (% points SA),Monthly,,,,,Manufacturing sector current-situation balance.,2026-04-30 14:07 UTC
153,mfg_expectations,DE_IFO_MFG_EXP,ifo Manufacturing Expectations,DEU,Germany,Europe,ifo,Survey,Business Sentiment,Sentiment / Survey,L,Balance (% points SA),Monthly,,,,,Manufacturing sector expectations balance.,2026-04-30 14:07 UTC
154,svc_climate,DE_IFO_SVC,ifo Services Climate,DEU,Germany,Europe,ifo,Survey,Business Sentiment,Sentiment / Survey,L,Balance (% points SA),Monthly,,,,,Services sector climate balance. Series starts 04/2005.,2026-04-30 14:07 UTC
155,svc_situation,DE_IFO_SVC_SIT,ifo Services Situation,DEU,Germany,Europe,ifo,Survey,Business Sentiment,Sentiment / Survey,C,Balance (% points SA),Monthly,,,,,Services sector situation balance. Starts 04/2005.,2026-04-30 14:07 UTC
156,svc_expectations,DE_IFO_SVC_EXP,ifo Services Expectations,DEU,Germany,Europe,ifo,Survey,Business Sentiment,Sentiment / Survey,L,Balance (% points SA),Monthly,,,,,Services sector expectations balance. Starts 04/2005.,2026-04-30 14:07 UTC
157,trd_climate,DE_IFO_TRD,ifo Trade Climate,DEU,Germany,Europe,ifo,Survey,Business Sentiment,Sentiment / Survey,L,Balance (% points SA),Monthly,,,,,Combined Wholesale + Retail trade climate balance.,2026-04-30 14:07 UTC
158,trd_situation,DE_IFO_TRD_SIT,ifo Trade Situation,DEU,Germany,Europe,ifo,Survey,Business Sentiment,Sentiment / Survey,C,Balance (% points SA),Monthly,,,,,Combined Wholesale + Retail trade situation balance.,2026-04-30 14:07 UTC
159,trd_expectations,DE_IFO_TRD_EXP,ifo Trade Expectations,DEU,Germany,Europe,ifo,Survey,Business Sentiment,Sentiment / Survey,L,Balance (% points SA),Monthly,,,,,Combined Wholesale + Retail trade expectations balance.,2026-04-30 14:07 UTC
160,whs_climate,DE_IFO_WHS,ifo Wholesaling Climate,DEU,Germany,Europe,ifo,Survey,Business Sentiment,Sentiment / Survey,L,Balance (% points SA),Monthly,,,,,Wholesale sub-sector climate balance.,2026-04-30 14:07 UTC
161,whs_situation,DE_IFO_WHS_SIT,ifo Wholesaling Situation,DEU,Germany,Europe,ifo,Survey,Business Sentiment,Sentiment / Survey,C,Balance (% points SA),Monthly,,,,,Wholesale sub-sector situation balance.,2026-04-30 14:07 UTC
162,whs_expectations,DE_IFO_WHS_EXP,ifo Wholesaling Expectations,DEU,Germany,Europe,ifo,Survey,Business Sentiment,Sentiment / Survey,L,Balance (% points SA),Monthly,,,,,Wholesale sub-sector expectations balance.,2026-04-30 14:07 UTC
163,rtl_climate,DE_IFO_RTL,ifo Retailing Climate,DEU,Germany,Europe,ifo,Survey,Business Sentiment,Sentiment / Survey,L,Balance (% points SA),Monthly,,,,,Retail sub-sector climate balance.,2026-04-30 14:07 UTC
164,rtl_situation,DE_IFO_RTL_SIT,ifo Retailing Situation,DEU,Germany,Europe,ifo,Survey,Business Sentiment,Sentiment / Survey,C,Balance (% points SA),Monthly,,,,,Retail sub-sector situation balance.,2026-04-30 14:07 UTC
165,rtl_expectations,DE_IFO_RTL_EXP,ifo Retailing Expectations,DEU,Germany,Europe,ifo,Survey,Business Sentiment,Sentiment / Survey,L,Balance (% points SA),Monthly,,,,,Retail sub-sector expectations balance.,2026-04-30 14:07 UTC
166,con_climate,DE_IFO_CON,ifo Construction Climate,DEU,Germany,Europe,ifo,Survey,Business Sentiment,Sentiment / Survey,L,Balance (% points SA),Monthly,,,,,Construction sector climate balance.,2026-04-30 14:07 UTC
167,con_situation,DE_IFO_CON_SIT,ifo Construction Situation,DEU,Germany,Europe,ifo,Survey,Business Sentiment,Sentiment / Survey,C,Balance (% points SA),Monthly,,,,,Construction sector situation balance.,2026-04-30 14:07 UTC
168,con_expectations,DE_IFO_CON_EXP,ifo Construction Expectations,DEU,Germany,Europe,ifo,Survey,Business Sentiment,Sentiment / Survey,L,Balance (% points SA),Monthly,,,,,Construction sector expectations balance.,2026-04-30 14:07 UTC
169,business_uncertainty,DE_IFO_UNC,ifo Business Uncertainty Index,DEU,Germany,Europe,ifo,Survey,Business Sentiment,Sentiment / Survey,L,Index,Monthly,,,,,Disagreement / dispersion of survey responses; higher = more uncertainty. Limited history.,2026-04-30 14:07 UTC
170,business_cycle_tracer,DE_IFO_CYC,ifo Business Cycle Tracer Probability,DEU,Germany,Europe,ifo,Survey,Business Sentiment,Sentiment / Survey,L,Probability (%),Monthly,,,,,Cycle-tracer model probability of expansion phase. Starts 01/2005.,2026-04-30 14:07 UTC
