row_id,Symbol,Name,Ticker Type,Broad Asset Class,Region,Sub-Category,Currency,Last Price,Last Date,Local Perf 1W,USD Perf 1W,Local Perf 1M,USD Perf 1M,Local Perf 3M,USD Perf 3M,Local Perf 6M,USD Perf 6M,Local Perf YTD,USD Perf YTD,Local Perf 1Y,USD Perf 1Y,Local Perf 1W (bps),Local Perf 1M (bps),Local Perf 3M (bps),Local Perf 6M (bps),Local Perf YTD (bps),Local Perf 1Y (bps)
1,IWDA.L,iShares Core MSCI World UCITS ETF,Total Return (ETF),Equity,Global,Equity Broad,GBP,1.3638,2026-04-23,-1.02,-1.17,7.02,7.74,2.13,0.97,6.23,7.65,4.31,4.56,30.58,32.96,,,,,,
2,ACWI,iShares MSCI ACWI ETF,Total Return (ETF),Equity,Global,Equity Broad,USD,149.25,2026-04-23,0.24,0.24,8.12,8.12,2.82,2.82,7.58,7.58,4.74,4.74,33.75,33.75,,,,,,
3,URTH,iShares MSCI World ETF,Total Return (ETF),Equity,Global,Equity Broad,USD,193.82,2026-04-23,0.23,0.23,7.77,7.77,2.63,2.63,6.68,6.68,3.92,3.92,31.95,31.95,,,,,,
4,WSML.L,iShares MSCI World Small Cap UCITS ETF,Total Return (ETF),Equity,Global,Equity Small Cap,USD,9.899,2026-04-23,-1.97,-1.97,6.54,6.54,2.21,2.21,10.9,10.9,8.73,8.73,37.18,37.18,,,,,,
5,KXI,iShares Global Consumer Staples ETF,Price Return (Index),Equity,Global,Equity Sector,USD,68.02,2026-04-23,1.42,1.42,2.83,2.83,0.96,0.96,4.41,4.41,5.26,5.26,5.28,5.28,,,,,,
6,IXJ,iShares Global Healthcare ETF,Price Return (Index),Equity,Global,Equity Sector,USD,93.27,2026-04-23,-1.01,-1.01,1.63,1.63,-6.61,-6.61,1.11,1.11,-4.56,-4.56,10.22,10.22,,,,,,
7,JXI,iShares Global Utilities ETF,Price Return (Index),Equity,Global,Equity Sector,USD,87.38,2026-04-23,-0.56,-0.56,3.69,3.69,9.51,9.51,9.94,9.94,9.94,9.94,28.0,28.0,,,,,,
8,EXI,iShares Global Industrials ETF,Price Return (Index),Equity,Global,Equity Sector,USD,194.0,2026-04-23,0.46,0.46,6.53,6.53,4.27,4.27,11.95,11.95,9.14,9.14,37.42,37.42,,,,,,
9,IXC,iShares Global Energy ETF,Price Return (Index),Equity,Global,Equity Sector,USD,54.42,2026-04-23,0.06,0.06,-4.29,-4.29,19.32,19.32,32.39,32.39,27.03,27.03,51.42,51.42,,,,,,
10,IXN,iShares Global Tech ETF,Price Return (Index),Equity,Global,Equity Sector,USD,117.32,2026-04-23,2.33,2.33,14.63,14.63,9.41,9.41,11.7,11.7,10.78,10.78,62.32,62.32,,,,,,
11,RXI,iShares Global Consumer Discretionary ETF,Price Return (Index),Equity,Global,Equity Sector,USD,197.71,2026-04-23,-1.16,-1.16,5.82,5.82,-5.88,-5.88,-4.26,-4.26,-3.93,-3.93,16.16,16.16,,,,,,
12,IXG,iShares Global Financials ETF,Price Return (Index),Equity,Global,Equity Sector,USD,119.93,2026-04-23,-1.45,-1.45,6.5,6.5,-0.41,-0.41,6.31,6.31,-1.47,-1.47,21.64,21.64,,,,,,
13,REET,iShares Global REIT ETF,Price Return (Index),Equity,Global,Equity Sector,USD,27.09,2026-04-23,0.11,0.11,8.14,8.14,6.84,6.84,6.8,6.8,8.81,8.81,18.34,18.34,,,,,,
14,MXI,iShares Global Materials ETF,Price Return (Index),Equity,Global,Equity Sector,USD,111.11,2026-04-23,-1.37,-1.37,9.36,9.36,2.9,2.9,21.56,21.56,13.49,13.49,39.63,39.63,,,,,,
15,ZPRG.DE,SPDR S&P Global Dividend Aristocrats UCITS ETF,Total Return (ETF),Equity,Global,Factor,EUR,33.145,2026-04-23,0.09,-0.51,2.03,2.89,3.9,2.62,7.05,7.92,5.96,5.62,17.34,21.33,,,,,,
16,IWVL.L,iShares MSCI World Value Factor UCITS ETF,Total Return (ETF),Equity,Global,Factor,USD,68.15,2026-04-23,-0.31,-0.31,7.9,7.9,8.16,8.16,22.08,22.08,12.33,12.33,50.16,50.16,,,,,,
17,IWFV.L,iShares MSCI World Value Factor UCITS ETF,Total Return (ETF),Equity,Global,Factor,GBP,50.49,2026-04-23,0.2,0.05,6.95,7.67,9.78,8.53,19.19,20.79,12.32,12.59,47.93,50.62,,,,,,
18,ACWV,iShares MSCI ACWI Min Vol Factor ETF,Total Return (ETF),Equity,Global,Factor,USD,120.44,2026-04-23,-0.86,-0.86,1.96,1.96,0.24,0.24,1.24,1.24,1.48,1.48,6.77,6.77,,,,,,
19,MINV.L,iShares MSCI World Min Vol UCITS ETF,Total Return (ETF),Equity,Global,Factor,GBP,54.48,2026-04-23,-1.18,-1.33,-0.49,0.18,0.83,-0.32,-25.58,-24.58,0.76,1.0,2.19,4.05,,,,,,
20,IWMO.L,iShares MSCI World Momentum UCITS ETF,Total Return (ETF),Equity,Global,Factor,USD,106.46,2026-04-23,-0.23,-0.23,11.0,11.0,5.46,5.46,11.48,11.48,8.61,8.61,33.34,33.34,,,,,,
21,IWQU.L,iShares MSCI World Quality Factor UCITS ETF,Total Return (ETF),Equity,Global,Factor,USD,83.87,2026-04-23,-0.71,-0.71,6.26,6.26,1.69,1.69,7.33,7.33,4.89,4.89,25.91,25.91,,,,,,
22,IXP,iShares Global Comm Services ETF,Price Return (Index),Equity,Global,nan,USD,122.43,2026-04-23,-0.77,-0.77,6.41,6.41,0.59,0.59,2.39,2.39,1.29,1.29,32.53,32.53,,,,,,
23,ILF,iShares Latin America 40 ETF,Total Return (ETF),Equity,North America,Equity Broad,USD,36.81,2026-04-23,-2.98,-2.98,8.39,8.39,5.2,5.2,31.17,31.17,19.4,19.4,58.53,58.53,,,,,,
24,^IXIC,NASDAQ Composite,Price Return (Index),Equity,North America,Equity Broad,USD,24438.5,2026-04-23,1.39,1.39,12.3,12.3,3.99,3.99,6.52,6.52,5.18,5.18,46.27,46.27,,,,,,
25,QQQ,NASDAQ Composite,Total Return (ETF),Equity,North America,Equity Broad,USD,651.42,2026-04-23,1.71,1.71,11.55,11.55,4.74,4.74,6.96,6.96,6.38,6.38,44.0,44.0,,,,,,
26,^NYA,NYSE Composite,Price Return (Index),Equity,North America,Equity Broad,USD,22952.7402,2026-04-23,-0.01,-0.01,4.47,4.47,0.86,0.86,6.15,6.15,3.23,3.23,23.2,23.2,,,,,,
27,^GSPTSE,S&P/TSX Composite,Price Return (Index),Equity,North America,Equity Broad,CAD,33912.8984,2026-04-23,-0.41,-0.3,6.17,6.72,2.32,2.44,12.35,14.77,6.37,6.6,38.57,40.45,,,,,,
28,XIU.TO,S&P/TSX Composite,Total Return (ETF),Equity,North America,Equity Broad,CAD,50.0,2026-04-23,-0.14,-0.03,6.22,6.77,3.93,4.05,12.41,14.83,6.42,6.65,37.78,39.65,,,,,,
29,^RLV,Russell 1000 Value,Price Return (Index),Equity,North America,Equity Large Cap (Value),USD,2237.8201,2026-04-23,1.12,1.12,6.28,6.28,4.08,4.08,10.92,10.92,7.1,7.1,27.31,27.31,,,,,,
30,IWD,Russell 1000 Value,Total Return (ETF),Equity,North America,Equity Large Cap (Value),USD,227.49,2026-04-23,1.13,1.13,6.39,6.39,4.52,4.52,11.88,11.88,7.61,7.61,29.7,29.7,,,,,,
31,^SP500V,S&P 500 Value,Price Return (Index),Equity,North America,Equity Large Cap (Value),USD,,,,,,,,,,,,,,,,,,,,
32,IVE,S&P 500 Value,Total Return (ETF),Equity,North America,Equity Large Cap (Value),USD,220.85,2026-04-23,1.02,1.02,5.05,5.05,2.46,2.46,6.67,6.67,4.18,4.18,25.15,25.15,,,,,,
33,^RLG,Russell 1000 Growth,Price Return (Index),Equity,North America,Equity Large Cap (Growth),USD,4760.27,2026-04-23,0.74,0.74,10.12,10.12,0.98,0.98,0.01,0.01,0.18,0.18,35.23,35.23,,,,,,
34,IWF,Russell 1000 Growth,Total Return (ETF),Equity,North America,Equity Large Cap (Growth),USD,473.05,2026-04-23,0.81,0.81,10.16,10.16,1.11,1.11,0.21,0.21,0.36,0.36,35.86,35.86,,,,,,
35,^SP500G,S&P 500 Growth,Price Return (Index),Equity,North America,Equity Large Cap (Growth),USD,,,,,,,,,,,,,,,,,,,,
36,IVW,S&P 500 Growth,Total Return (ETF),Equity,North America,Equity Large Cap (Growth),USD,127.78,2026-04-23,0.95,0.95,11.53,11.53,3.54,3.54,5.41,5.41,3.69,3.69,41.96,41.96,,,,,,
37,^DJI,Dow Jones Industrial Average,Price Return (Index),Equity,North America,Equity Large Cap,USD,49310.3203,2026-04-23,1.51,1.51,6.91,6.91,0.43,0.43,5.51,5.51,1.92,1.92,24.5,24.5,,,,,,
38,DIA,Dow Jones Industrial Average,Total Return (ETF),Equity,North America,Equity Large Cap,USD,493.0,2026-04-23,1.56,1.56,6.95,6.95,0.81,0.81,6.31,6.31,2.36,2.36,26.46,26.46,,,,,,
39,^NDX,Nasdaq 100,Price Return (Index),Equity,North America,Equity Large Cap,USD,26782.6309,2026-04-23,1.71,1.71,11.58,11.58,4.6,4.6,6.71,6.71,6.25,6.25,43.27,43.27,,,,,,
40,^RUI,Russell 1000,Price Return (Index),Equity,North America,Equity Large Cap,USD,3875.1001,2026-04-23,0.94,0.94,8.29,8.29,2.58,2.58,5.21,5.21,3.54,3.54,31.82,31.82,,,,,,
41,IWB,Russell 1000,Total Return (ETF),Equity,North America,Equity Large Cap,USD,387.93,2026-04-23,0.96,0.96,8.36,8.36,2.84,2.84,5.8,5.8,3.88,3.88,33.31,33.31,,,,,,
42,^GSPC,S&P 500,Price Return (Index),Equity,North America,Equity Large Cap,USD,7108.3999,2026-04-23,0.95,0.95,8.42,8.42,2.79,2.79,5.49,5.49,3.64,3.64,32.23,32.23,,,,,,
43,SPY,S&P 500,Total Return (ETF),Equity,North America,Equity Large Cap,USD,708.45,2026-04-23,0.97,0.97,8.46,8.46,3.07,3.07,6.06,6.06,3.98,3.98,33.83,33.83,,,,,,
44,^SPXEW,S&P 500 Equal Weight Index,Price Return (Index),Equity,North America,Equity Large Cap,USD,8199.8896,2026-04-23,0.84,0.84,5.37,5.37,1.84,1.84,6.09,6.09,4.9,4.9,22.67,22.67,,,,,,
45,RSP,S&P 500 Equal Weight Index,Total Return (ETF),Equity,North America,Equity Large Cap,USD,202.45,2026-04-23,0.9,0.9,5.49,5.49,2.29,2.29,7.02,7.02,5.42,5.42,24.83,24.83,,,,,,
46,^RMCCV,Russell Midcap Value Index,Price Return (Index),Equity,North America,Equity Mid Cap (Value),USD,,,,,,,,,,,,,,,,,,,,
47,IWS,Russell Midcap Value Index,Total Return (ETF),Equity,North America,Equity Mid Cap (Value),USD,155.95,2026-04-23,1.34,1.34,7.01,7.01,5.72,5.72,12.33,12.33,9.69,9.69,32.01,32.01,,,,,,
48,^RMCCG,Russell Midcap Growth Index,Price Return (Index),Equity,North America,Equity Mid Cap (Growth),USD,,,,,,,,,,,,,,,,,,,,
49,IWP,Russell Midcap Growth Index,Total Return (ETF),Equity,North America,Equity Mid Cap (Growth),USD,135.63,2026-04-23,0.41,0.41,4.78,4.78,-2.8,-2.8,-5.19,-5.19,-1.83,-1.83,17.37,17.37,,,,,,
50,^MID,S&P MidCap 400,Price Return (Index),Equity,North America,Equity Mid Cap,USD,3633.3601,2026-04-23,1.61,1.61,7.34,7.34,4.21,4.21,10.79,10.79,8.48,8.48,30.42,30.42,,,,,,
51,MDY,S&P MidCap 400,Total Return (ETF),Equity,North America,Equity Mid Cap,USD,663.01,2026-04-23,1.58,1.58,7.32,7.32,4.48,4.48,11.3,11.3,8.72,8.72,31.82,31.82,,,,,,
52,SCZ,iShares MSCI EAFE Small-Cap ETF,Total Return (ETF),Equity,North America,Equity Small Cap,USD,82.48,2026-04-23,-1.77,-1.77,6.95,6.95,0.54,0.54,8.78,8.78,5.46,5.46,31.02,31.02,,,,,,
53,^RUJ,Russell 2000 Value,Price Return (Index),Equity,North America,Equity Small Cap (Value),USD,3091.54,2026-04-23,2.13,2.13,9.23,9.23,5.5,5.5,15.13,15.13,12.83,12.83,44.54,44.54,,,,,,
54,IWN,Russell 2000 Value,Total Return (ETF),Equity,North America,Equity Small Cap (Value),USD,206.55,2026-04-23,2.12,2.12,9.3,9.3,5.88,5.88,16.17,16.17,13.26,13.26,47.33,47.33,,,,,,
55,^RUO,Russell 2000 Growth,Price Return (Index),Equity,North America,Equity Small Cap (Growth),USD,1817.22,2026-04-23,1.95,1.95,12.23,12.23,2.56,2.56,8.76,8.76,8.64,8.64,44.69,44.69,,,,,,
56,IWO,Russell 2000 Growth,Total Return (ETF),Equity,North America,Equity Small Cap (Growth),USD,355.96,2026-04-23,2.09,2.09,12.27,12.27,2.68,2.68,9.07,9.07,8.85,8.85,45.47,45.47,,,,,,
57,^RUT,Russell 2000,Price Return (Index),Equity,North America,Equity Small Cap,USD,2775.1001,2026-04-23,2.04,2.04,10.76,10.76,3.97,3.97,11.78,11.78,10.64,10.64,44.6,44.6,,,,,,
58,IWM,Russell 2000,Total Return (ETF),Equity,North America,Equity Small Cap,USD,275.52,2026-04-23,2.06,2.06,10.75,10.75,4.23,4.23,12.38,12.38,10.95,10.95,46.38,46.38,,,,,,
59,^SP600,S&P SmallCap 600,Price Return (Index),Equity,North America,Equity Small Cap,USD,1649.97,2026-04-23,2.19,2.19,9.46,9.46,5.54,5.54,12.59,12.59,11.31,11.31,38.02,38.02,,,,,,
60,IJR,S&P SmallCap 600,Total Return (ETF),Equity,North America,Equity Small Cap,USD,135.57,2026-04-23,2.17,2.17,9.53,9.53,6.01,6.01,13.59,13.59,11.88,11.88,40.39,40.39,,,,,,
61,^TSXV,S&P/TSX SmallCap,Price Return (Index),Equity,North America,Equity Small Cap,CAD,,,,,,,,,,,,,,,,,,,,
62,XCS.TO,S&P/TSX SmallCap,Total Return (ETF),Equity,North America,Equity Small Cap,CAD,36.1,2026-04-23,0.61,0.72,8.9,9.47,2.31,2.43,22.23,24.86,17.11,17.37,73.27,75.63,,,,,,
63,^SP500-30,S&P 500 Consumer Staples,Price Return (Index),Equity,North America,Equity Sector,USD,945.13,2026-04-23,2.94,2.94,3.52,3.52,2.46,2.46,6.87,6.87,9.45,9.45,4.87,4.87,,,,,,
64,XLP,S&P 500 Consumer Staples,Total Return (ETF),Equity,North America,Equity Sector,USD,83.48,2026-04-23,2.52,2.52,2.92,2.92,1.25,1.25,6.65,6.65,8.06,8.06,4.91,4.91,,,,,,
65,^SP500-35,S&P 500 Health Care,Price Return (Index),Equity,North America,Equity Sector,USD,1703.91,2026-04-23,-0.31,-0.31,0.82,0.82,-7.11,-7.11,0.14,0.14,-6.06,-6.06,7.77,7.77,,,,,,
66,XLV,S&P 500 Health Care,Total Return (ETF),Equity,North America,Equity Sector,USD,146.24,2026-04-23,-0.25,-0.25,1.0,1.0,-6.76,-6.76,0.98,0.98,-5.57,-5.57,9.66,9.66,,,,,,
67,^SP500-55,S&P 500 Utilities,Price Return (Index),Equity,North America,Equity Sector,USD,468.64,2026-04-23,-0.5,-0.5,2.21,2.21,8.39,8.39,2.19,2.19,6.76,6.76,17.72,17.72,,,,,,
68,XLU,S&P 500 Utilities,Total Return (ETF),Equity,North America,Equity Sector,USD,46.09,2026-04-23,-0.56,-0.56,2.22,2.22,9.05,9.05,3.53,3.53,7.49,7.49,21.03,21.03,,,,,,
69,^SP500-20,S&P 500 Industrials,Price Return (Index),Equity,North America,Equity Sector,USD,1473.52,2026-04-23,2.15,2.15,6.11,6.11,6.01,6.01,12.49,12.49,10.14,10.14,37.94,37.94,,,,,,
70,XLI,S&P 500 Industrials,Total Return (ETF),Equity,North America,Equity Sector,USD,174.07,2026-04-23,2.2,2.2,6.14,6.14,6.3,6.3,13.17,13.17,10.49,10.49,39.8,39.8,,,,,,
71,^GSPE,S&P 500 Energy,Price Return (Index),Equity,North America,Equity Sector,USD,872.22,2026-04-23,0.42,0.42,-6.71,-6.71,15.26,15.26,27.96,27.96,24.3,24.3,39.79,39.79,,,,,,
72,XLE,S&P 500 Energy,Total Return (ETF),Equity,North America,Equity Sector,USD,56.98,2026-04-23,0.71,0.71,-6.34,-6.34,16.59,16.59,30.02,30.02,25.63,25.63,44.78,44.78,,,,,,
73,^SP500-50,S&P 500 Communication Services,Price Return (Index),Equity,North America,Equity Sector,USD,471.88,2026-04-23,-0.88,-0.88,11.27,11.27,2.79,2.79,11.78,11.78,4.71,4.71,52.04,52.04,,,,,,
74,XLC,S&P 500 Communication Services,Total Return (ETF),Equity,North America,Equity Sector,USD,117.39,2026-04-23,-1.21,-1.21,5.63,5.63,0.69,0.69,2.51,2.51,0.74,0.74,29.28,29.28,,,,,,
75,^SP500-45,S&P 500 Information Technology,Price Return (Index),Equity,North America,Equity Sector,USD,5989.1899,2026-04-23,2.21,2.21,14.26,14.26,6.8,6.8,5.11,5.11,5.32,5.32,55.21,55.21,,,,,,
76,XLK,S&P 500 Information Technology,Total Return (ETF),Equity,North America,Equity Sector,USD,155.84,2026-04-23,2.51,2.51,14.46,14.46,7.54,7.54,8.11,8.11,8.13,8.13,58.28,58.28,,,,,,
77,^SP500-25,S&P 500 Consumer Discretionary,Price Return (Index),Equity,North America,Equity Sector,USD,1929.02,2026-04-23,0.31,0.31,9.76,9.76,-3.04,-3.04,0.87,0.87,1.18,1.18,27.3,27.3,,,,,,
78,XLY,S&P 500 Consumer Discretionary,Total Return (ETF),Equity,North America,Equity Sector,USD,117.74,2026-04-23,0.09,0.09,7.35,7.35,-4.19,-4.19,-0.82,-0.82,-0.32,-0.32,24.71,24.71,,,,,,
79,^SP500-15,S&P 500 Materials,Price Return (Index),Equity,North America,Equity Sector,USD,651.15,2026-04-23,-0.08,-0.08,7.04,7.04,3.08,3.08,15.05,15.05,11.67,11.67,26.45,26.45,,,,,,
80,XLB,S&P 500 Materials,Total Return (ETF),Equity,North America,Equity Sector,USD,51.81,2026-04-23,0.12,0.12,6.93,6.93,4.14,4.14,17.05,17.05,12.84,12.84,29.66,29.66,,,,,,
81,^SP500-40,S&P 500 Financials,Price Return (Index),Equity,North America,Equity Sector,USD,861.4,2026-04-23,-0.51,-0.51,4.98,4.98,-2.3,-2.3,-1.44,-1.44,-5.71,-5.71,8.54,8.54,,,,,,
82,XLF,S&P 500 Financials,Total Return (ETF),Equity,North America,Equity Sector,USD,51.8,2026-04-23,-0.44,-0.44,5.11,5.11,-1.89,-1.89,-0.56,-0.56,-5.21,-5.21,10.23,10.23,,,,,,
83,^SP500-60,S&P 500 Real Estate,Price Return (Index),Equity,North America,Equity Sector,USD,279.89,2026-04-23,0.33,0.33,9.03,9.03,7.56,7.56,4.79,4.79,9.69,9.69,10.21,10.21,,,,,,
84,XLRE,S&P 500 Real Estate,Total Return (ETF),Equity,North America,Equity Sector,USD,43.96,2026-04-23,0.34,0.34,9.11,9.11,7.29,7.29,5.27,5.27,9.6,9.6,12.4,12.4,,,,,,
85,^SP500-2010,S&P 500 Capital Goods,Price Return (Index),Equity,North America,Equity Industry Group,USD,1793.37,2026-04-23,2.24,2.24,6.22,6.22,8.43,8.43,16.83,16.83,13.49,13.49,52.8,52.8,,,,,,
86,^SP500-2020,S&P 500 Commercial & Professional Services,Price Return (Index),Equity,North America,Equity Industry Group,USD,560.42,2026-04-23,0.02,0.02,-0.4,-0.4,-12.72,-12.72,-16.69,-16.69,-10.52,-10.52,-21.1,-21.1,,,,,,
87,^SP500-2030,S&P 500 Transportation,Price Return (Index),Equity,North America,Equity Industry Group,USD,1193.14,2026-04-23,2.89,2.89,9.52,9.52,7.51,7.51,14.85,14.85,8.86,8.86,33.04,33.04,,,,,,
88,^SP500-2510,S&P 500 Automobiles & Components,Price Return (Index),Equity,North America,Equity Industry Group,USD,203.5,2026-04-23,-3.39,-3.39,-1.84,-1.84,-15.55,-15.55,-14.62,-14.62,-13.71,-13.71,48.84,48.84,,,,,,
89,^SP500-2520,S&P 500 Consumer Durables & Apparel,Price Return (Index),Equity,North America,Equity Industry Group,USD,353.97,2026-04-23,1.47,1.47,1.4,1.4,-5.39,-5.39,-8.71,-8.71,-3.55,-3.55,8.39,8.39,,,,,,
90,^SP500-2530,S&P 500 Consumer Services,Price Return (Index),Equity,North America,Equity Industry Group,USD,1902.2,2026-04-23,-0.98,-0.98,4.09,4.09,-3.28,-3.28,-1.66,-1.66,-2.37,-2.37,8.92,8.92,,,,,,
91,^SP500-2550,S&P 500 Consumer Discretionary Distribution & Retail,Price Return (Index),Equity,North America,Equity Industry Group,USD,5764.1201,2026-04-23,1.89,1.89,17.0,17.0,2.28,2.28,9.22,9.22,9.04,9.04,29.16,29.16,,,,,,
92,^SP500-3010,S&P 500 Food & Staples Retailing,Price Return (Index),Equity,North America,Equity Industry Group,USD,1183.35,2026-04-23,4.22,4.22,5.61,5.61,7.04,7.04,15.58,15.58,15.97,15.97,20.64,20.64,,,,,,
93,^SP500-3020,S&P 500 Food Beverage & Tobacco,Price Return (Index),Equity,North America,Equity Industry Group,USD,888.0,2026-04-23,2.46,2.46,2.59,2.59,1.5,1.5,4.01,4.01,7.13,7.13,0.98,0.98,,,,,,
94,^SP500-3030,S&P 500 Household & Personal Products,Price Return (Index),Equity,North America,Equity Industry Group,USD,754.31,2026-04-23,1.13,1.13,1.07,1.07,-4.76,-4.76,-3.52,-3.52,1.58,1.58,-13.17,-13.17,,,,,,
95,^SP500-3510,S&P 500 Health Care Equipment & Services,Price Return (Index),Equity,North America,Equity Industry Group,USD,1779.49,2026-04-23,1.91,1.91,3.55,3.55,-8.29,-8.29,-9.2,-9.2,-8.23,-8.23,-7.4,-7.4,,,,,,
96,^SP500-3520,S&P 500 Pharma Biotech & Life Sciences,Price Return (Index),Equity,North America,Equity Industry Group,USD,1495.8199,2026-04-23,-1.57,-1.57,-0.71,-0.71,-6.35,-6.35,6.77,6.77,-4.67,-4.67,19.56,19.56,,,,,,
97,^SP500-4010,S&P 500 Banks,Price Return (Index),Equity,North America,Equity Industry Group,USD,603.05,2026-04-23,0.17,0.17,7.62,7.62,2.88,2.88,8.49,8.49,-3.26,-3.26,36.27,36.27,,,,,,
98,^SP500-4020,S&P 500 Financial Services,Price Return (Index),Equity,North America,Equity Industry Group,USD,1397.24,2026-04-23,-0.91,-0.91,4.22,4.22,-5.43,-5.43,-5.96,-5.96,-7.75,-7.75,1.79,1.79,,,,,,
99,^SP500-4030,S&P 500 Insurance,Price Return (Index),Equity,North America,Equity Industry Group,USD,788.72,2026-04-23,-0.21,-0.21,2.89,2.89,1.42,1.42,-0.08,-0.08,-1.6,-1.6,-5.45,-5.45,,,,,,
100,^SP500-4510,S&P 500 Software & Services,Price Return (Index),Equity,North America,Equity Industry Group,USD,4383.1802,2026-04-23,-1.6,-1.6,6.3,6.3,-13.62,-13.62,-23.54,-23.54,-15.87,-15.87,0.39,0.39,,,,,,
101,^SP500-4520,S&P 500 Technology Hardware & Equipment,Price Return (Index),Equity,North America,Equity Industry Group,USD,5703.48,2026-04-23,3.83,3.83,11.59,11.59,16.7,16.7,14.74,14.74,10.55,10.55,52.0,52.0,,,,,,
102,^SP500-4530,S&P 500 Semiconductors & Equipment,Price Return (Index),Equity,North America,Equity Industry Group,USD,10108.6299,2026-04-23,3.43,3.43,20.86,20.86,15.91,15.91,24.23,24.23,18.17,18.17,123.64,123.64,,,,,,
103,^SP500-5010,S&P 500 Telecommunication Services,Price Return (Index),Equity,North America,Equity Industry Group,USD,162.38,2026-04-23,1.74,1.74,-4.96,-4.96,12.49,12.49,9.41,9.41,9.75,9.75,-2.73,-2.73,,,,,,
104,^SP500-5020,S&P 500 Media & Entertainment,Price Return (Index),Equity,North America,Equity Industry Group,USD,1987.48,2026-04-23,-1.13,-1.13,13.22,13.22,1.87,1.87,11.84,11.84,4.19,4.19,59.15,59.15,,,,,,
105,^SP500-101010,S&P 500 Energy Equipment & Serv,Price Return (Index),Equity,North America,Equity Industry,USD,415.59,2026-04-23,5.68,5.68,5.06,5.06,15.2,15.2,43.09,43.09,35.98,35.98,72.81,72.81,,,,,,
106,^SP500-101020,"S&P 500 Oil, Gas & Consumable F",Price Return (Index),Equity,North America,Equity Industry,USD,977.82,2026-04-23,-0.04,-0.04,-7.69,-7.69,15.25,15.25,26.69,26.69,23.3,23.3,37.31,37.31,,,,,,
107,^SP500-151020,S&P 500 Construction Materials,Price Return (Index),Equity,North America,Equity Industry,USD,582.46,2026-04-23,2.28,2.28,9.3,9.3,-4.11,-4.11,-2.45,-2.45,-4.42,-4.42,18.8,18.8,,,,,,
108,^SP500-151040,S&P 500 Metals & Mining (Indust,Price Return (Index),Equity,North America,Equity Industry,USD,424.92,2026-04-23,-1.19,-1.19,15.78,15.78,0.08,0.08,38.58,38.58,16.59,16.59,91.65,91.65,,,,,,
109,^SP500-151050,S&P 500 Paper & Forest Products (Industry),Price Return (Index),Equity,North America,Equity Industry,USD,158.51,2015-12-18,0.0,0.0,0.0,0.0,0.0,0.0,0.0,0.0,0.0,0.0,0.0,0.0,,,,,,
110,^SP500-201010,S&P 500 Aerospace & Defense (In,Price Return (Index),Equity,North America,Equity Industry,USD,2360.55,2026-04-23,-5.04,-5.04,-3.2,-3.2,-7.93,-7.93,-1.35,-1.35,-3.74,-3.74,33.03,33.03,,,,,,
111,^SP500-201020,S&P 500 Building Products (Indu,Price Return (Index),Equity,North America,Equity Industry,USD,1011.73,2026-04-23,4.77,4.77,7.9,7.9,13.99,13.99,12.32,12.32,13.65,13.65,33.85,33.85,,,,,,
112,^SP500-201030,S&P 500 Construction & Engineer,Price Return (Index),Equity,North America,Equity Industry,USD,3352.51,2026-04-23,9.13,9.13,14.09,14.09,39.54,39.54,51.42,51.42,51.36,51.36,136.03,136.03,,,,,,
113,^SP500-201040,S&P 500 Electrical Equipment (I,Price Return (Index),Equity,North America,Equity Industry,USD,3468.6699,2026-04-23,10.0,10.0,17.72,17.72,33.85,33.85,40.57,40.57,36.5,36.5,103.77,103.77,,,,,,
114,^SP500-201050,S&P 500 Industrial Conglomerate,Price Return (Index),Equity,North America,Equity Industry,USD,564.26,2026-04-23,-5.58,-5.58,-2.55,-2.55,-6.18,-6.18,-4.59,-4.59,1.27,1.27,11.7,11.7,,,,,,
115,^SP500-201060,S&P 500 Machinery (Industry),Price Return (Index),Equity,North America,Equity Industry,USD,3380.4199,2026-04-23,4.58,4.58,9.43,9.43,13.95,13.95,30.97,30.97,20.78,20.78,65.88,65.88,,,,,,
116,^SP500-201070,S&P 500 Trading Companies & Dis,Price Return (Index),Equity,North America,Equity Industry,USD,2349.3701,2026-04-23,10.27,10.27,13.85,13.85,6.89,6.89,10.75,10.75,15.07,15.07,30.88,30.88,,,,,,
117,^SP500-202010,S&P 500 - Commercial Services &,Price Return (Index),Equity,North America,Equity Industry,USD,811.51,2026-04-23,1.97,1.97,1.97,1.97,-5.88,-5.88,-5.22,-5.22,-1.08,-1.08,-12.87,-12.87,,,,,,
118,^SP500-203010,S&P 500 Air Freight & Logistics,Price Return (Index),Equity,North America,Equity Industry,USD,965.66,2026-04-23,2.55,2.55,8.81,8.81,9.88,9.88,40.86,40.86,16.09,16.09,45.01,45.01,,,,,,
119,^SP500-203020,S&P 500 Passenger Airlines (Ind,Price Return (Index),Equity,North America,Equity Industry,USD,310.32,2026-04-23,-3.77,-3.77,-0.7,-0.7,-7.12,-7.12,9.41,9.41,-9.01,-9.01,50.39,50.39,,,,,,
120,^SP500-203040,S&P 500 Ground Transportation (,Price Return (Index),Equity,North America,Equity Industry,USD,3484.51,2026-04-23,4.27,4.27,11.81,11.81,9.61,9.61,8.08,8.08,9.98,9.98,26.36,26.36,,,,,,
121,^SP500-251010,S&P 500 Automobile Components (,Price Return (Index),Equity,North America,Equity Industry,USD,154.93,2026-04-23,5.02,5.02,-2.09,-2.09,-9.19,-9.19,-18.27,-18.27,-11.47,-11.47,30.26,30.26,,,,,,
122,^SP500-251020,S&P 500 Automobiles (Industry),Price Return (Index),Equity,North America,Equity Industry,USD,153.8,2026-04-23,-3.47,-3.47,-1.83,-1.83,-15.63,-15.63,-14.57,-14.57,-13.73,-13.73,49.12,49.12,,,,,,
123,^SP500-252010,S&P 500 Household Durables (Ind,Price Return (Index),Equity,North America,Equity Industry,USD,741.08,2026-04-23,5.64,5.64,9.8,9.8,4.92,4.92,-3.28,-3.28,9.28,9.28,17.9,17.9,,,,,,
124,^SP500-252020,S&P 500 Leisure Products (Indus,Price Return (Index),Equity,North America,Equity Industry,USD,78.62,2026-04-23,3.46,3.46,4.3,4.3,8.91,8.91,23.91,23.91,16.41,16.41,83.31,83.31,,,,,,
125,^SP500-252030,"S&P 500 Textiles, Apparel & Lux",Price Return (Index),Equity,North America,Equity Industry,USD,494.97,2026-04-23,-3.22,-3.22,-7.25,-7.25,-16.22,-16.22,-16.32,-16.32,-16.57,-16.57,-4.5,-4.5,,,,,,
126,^SP500-253020,S&P 500 Diversified Consumer Services (Industry),Price Return (Index),Equity,North America,Equity Industry,USD,30.23,2020-09-18,0.0,0.0,0.0,0.0,0.0,0.0,0.0,0.0,0.0,0.0,0.0,0.0,,,,,,
127,^SP500-255010,S&P 500 Distributors (Industry),Price Return (Index),Equity,North America,Equity Industry,USD,291.52,2026-04-23,-0.41,-0.41,8.46,8.46,-18.2,-18.2,-18.04,-18.04,-8.11,-8.11,-19.96,-19.96,,,,,,
128,^SP500-255040,S&P 500 Specialty Retail (Indus,Price Return (Index),Equity,North America,Equity Industry,USD,2552.1201,2026-04-23,1.32,1.32,4.4,4.4,-7.01,-7.01,-3.04,-3.04,1.08,1.08,7.01,7.01,,,,,,
129,^SP500-302010,S&P 500 Beverages (Industry),Price Return (Index),Equity,North America,Equity Industry,USD,867.42,2026-04-23,0.7,0.7,3.55,3.55,4.14,4.14,6.59,6.59,8.59,8.59,4.17,4.17,,,,,,
130,^SP500-302020,S&P 500 Food Products (Industry,Price Return (Index),Equity,North America,Equity Industry,USD,529.8,2026-04-23,0.79,0.79,-1.17,-1.17,-3.6,-3.6,-4.49,-4.49,1.43,1.43,-9.87,-9.87,,,,,,
131,^SP500-302030,S&P 500 Tobacco (Industry),Price Return (Index),Equity,North America,Equity Industry,USD,1680.7,2026-04-23,6.78,6.78,3.59,3.59,0.76,0.76,6.28,6.28,8.78,8.78,4.47,4.47,,,,,,
132,^SP500-303010,S&P 500 Household Products (Ind,Price Return (Index),Equity,North America,Equity Industry,USD,839.58,2026-04-23,1.19,1.19,0.95,0.95,-3.18,-3.18,-3.69,-3.69,3.34,3.34,-13.42,-13.42,,,,,,
133,^SP500-303020,S&P 500 Personal Care Products,Price Return (Index),Equity,North America,Equity Industry,USD,347.3,2026-04-23,0.61,0.61,2.15,2.15,-17.06,-17.06,-1.79,-1.79,-12.03,-12.03,-10.63,-10.63,,,,,,
134,^SP500-351010,S&P 500 Health Care Equipment &,Price Return (Index),Equity,North America,Equity Industry,USD,2044.83,2026-04-23,-0.31,-0.31,-2.95,-2.95,-13.27,-13.27,-16.69,-16.69,-15.59,-15.59,-10.76,-10.76,,,,,,
135,^SP500-351020,S&P 500 Health Care Providers &,Price Return (Index),Equity,North America,Equity Industry,USD,1489.79,2026-04-23,4.24,4.24,11.07,11.07,-2.67,-2.67,-0.11,-0.11,0.63,0.63,-3.61,-3.61,,,,,,
136,^SP500-351030,S&P 500 Health Care Technology (Industry),Price Return (Index),Equity,North America,Equity Industry,USD,433.92,2022-06-07,0.0,0.0,0.0,0.0,0.0,0.0,0.0,0.0,0.0,0.0,0.0,0.0,,,,,,
137,^SP500-352010,S&P 500 - Biotechnology (Indust,Price Return (Index),Equity,North America,Equity Industry,USD,6511.9702,2026-04-23,-1.81,-1.81,-1.24,-1.24,-3.77,-3.77,3.92,3.92,-2.15,-2.15,17.48,17.48,,,,,,
138,^SP500-352020,S&P 500 - Pharmaceuticals (Indu,Price Return (Index),Equity,North America,Equity Industry,USD,1278.14,2026-04-23,-0.21,-0.21,-0.03,-0.03,-3.16,-3.16,16.53,16.53,-1.79,-1.79,24.8,24.8,,,,,,
139,^SP500-402010,S&P 500 Financial Services (Ind,Price Return (Index),Equity,North America,Equity Industry,USD,231.12,2026-04-23,-1.63,-1.63,0.66,0.66,-4.16,-4.16,-10.04,-10.04,-8.6,-8.6,-12.55,-12.55,,,,,,
140,^SP500-402020,S&P 500 Consumer Finance (Indus,Price Return (Index),Equity,North America,Equity Industry,USD,2486.05,2026-04-23,-1.81,-1.81,6.52,6.52,-10.1,-10.1,-9.31,-9.31,-16.65,-16.65,20.04,20.04,,,,,,
141,^SP500-402030,S&P 500 Capital Markets (Indust,Price Return (Index),Equity,North America,Equity Industry,USD,436.33,2026-04-23,0.02,0.02,7.88,7.88,-5.92,-5.92,-0.52,-0.52,-5.13,-5.13,20.5,20.5,,,,,,
142,^SP500-451020,S&P 500 IT Services (Industry),Price Return (Index),Equity,North America,Equity Industry,USD,564.69,2026-04-23,-7.01,-7.01,-4.72,-4.72,-25.93,-25.93,-21.02,-21.02,-23.74,-23.74,-22.07,-22.07,,,,,,
143,^SP500-451030,S&P 500 Software (Industry),Price Return (Index),Equity,North America,Equity Industry,USD,6534.3398,2026-04-23,-1.12,-1.12,7.34,7.34,-12.4,-12.4,-23.76,-23.76,-15.14,-15.14,3.0,3.0,,,,,,
144,^SP500-452010,S&P 500 Communications Equipmen,Price Return (Index),Equity,North America,Equity Industry,USD,1201.26,2026-04-23,3.75,3.75,13.21,13.21,25.47,25.47,23.24,23.24,25.64,25.64,70.96,70.96,,,,,,
145,^SP500-452030,"S&P 500 - Electronic Equipment,",Price Return (Index),Equity,North America,Equity Industry,USD,736.84,2026-04-23,1.21,1.21,16.11,16.11,21.94,21.94,30.49,30.49,26.94,26.94,112.16,112.16,,,,,,
146,^SP500-453010,S&P 500 Semiconductor & Semicon,Price Return (Index),Equity,North America,Equity Industry,USD,10108.6299,2026-04-23,3.43,3.43,20.86,20.86,15.91,15.91,24.23,24.23,18.17,18.17,123.64,123.64,,,,,,
147,^SP500-501010,S&P 500 Diversified Telecommuni,Price Return (Index),Equity,North America,Equity Industry,USD,142.78,2026-04-23,2.37,2.37,-4.35,-4.35,14.14,14.14,15.22,15.22,12.39,12.39,3.99,3.99,,,,,,
148,^SP500-551010,S&P 500 Electric Utilities (Ind,Price Return (Index),Equity,North America,Equity Industry,USD,556.99,2026-04-23,-0.27,-0.27,2.31,2.31,9.45,9.45,3.02,3.02,7.2,7.2,20.29,20.29,,,,,,
149,^SP500-551020,S&P 500 Gas Utilities (Industry,Price Return (Index),Equity,North America,Equity Industry,USD,813.27,2016-06-30,-0.01,-0.01,0.26,0.26,0.7,0.7,3.39,3.39,3.47,3.47,41.35,41.35,,,,,,
150,^SP500-551030,S&P 500 Multi-Utilities (Indust,Price Return (Index),Equity,North America,Equity Industry,USD,53.25,2026-04-23,-0.73,-0.73,1.84,1.84,7.42,7.42,3.78,3.78,7.64,7.64,11.17,11.17,,,,,,
151,^SP500-601010,S&P 500 Equity Real Estate Investment Trusts (REITs) (Industry),Price Return (Index),Equity,North America,Equity Industry,USD,223.95,2023-03-17,0.0,0.0,0.0,0.0,0.0,0.0,0.0,0.0,0.0,0.0,0.0,0.0,,,,,,
152,SCHD,Schwab US Dividend Equity ETF,Total Return (ETF),Equity,North America,Factor,USD,31.42,2026-04-23,1.98,1.98,3.41,3.41,8.74,8.74,18.42,18.42,14.27,14.27,28.38,28.38,,,,,,
153,VIG,Vanguard Dividend Appreciation ETF,Total Return (ETF),Equity,North America,Factor,USD,227.79,2026-04-23,1.29,1.29,6.24,6.24,2.48,2.48,5.74,5.74,3.66,3.66,24.58,24.58,,,,,,
154,SPLV,Invesco S&P 500 Low Volatility ETF,Total Return (ETF),Equity,North America,Factor,USD,74.25,2026-04-23,0.17,0.17,2.67,2.67,2.65,2.65,3.5,3.5,5.04,5.04,5.48,5.48,,,,,,
155,USMV,iShares MSCI USA Min Vol Factor ETF,Total Return (ETF),Equity,North America,Factor,USD,94.31,2026-04-23,-0.08,-0.08,2.17,2.17,-0.19,-0.19,0.7,0.7,1.12,1.12,6.0,6.0,,,,,,
156,MTUM,iShares MSCI USA Momentum Factor ETF,Total Return (ETF),Equity,North America,Factor,USD,275.88,2026-04-23,1.87,1.87,12.36,12.36,8.08,8.08,9.45,9.45,9.26,9.26,38.82,38.82,,,,,,
157,QUAL,iShares MSCI USA Quality Factor ETF,Total Return (ETF),Equity,North America,Factor,USD,205.89,2026-04-23,0.77,0.77,6.51,6.51,1.8,1.8,5.55,5.55,3.58,3.58,27.04,27.04,,,,,,
158,^TX60,S&P/TSX 60,Price Return (Index),Equity,North America,nan,CAD,,,,,,,,,,,,,,,,,,,,
159,^FTAS,FTSE All-Share,Price Return (Index),Equity,UK,Equity Broad,GBP,5581.7002,2026-04-23,-2.42,-2.57,3.26,3.95,1.88,0.72,7.02,8.45,4.17,4.42,22.9,25.14,,,,,,
160,ISFA.L,FTSE All-Share,Total Return (ETF),Equity,UK,Equity Broad,GBP,,,,,,,,,,,,,,,,,,,,
161,^FTSE,FTSE 100,Price Return (Index),Equity,UK,Equity Large Cap,GBP,10410.9502,2026-04-23,-2.41,-2.56,3.01,3.7,2.58,1.41,7.93,9.38,4.62,4.87,23.83,26.08,,,,,,
162,ISF.L,FTSE 100,Total Return (ETF),Equity,UK,Equity Large Cap,GBP,10.22,2026-04-23,-2.28,-2.43,3.45,4.14,3.38,2.2,8.63,10.09,5.5,5.75,23.78,26.03,,,,,,
163,^FTMC,FTSE 250,Price Return (Index),Equity,UK,Equity Mid Cap,GBP,22604.9297,2026-04-23,-2.59,-2.74,5.26,5.97,-3.2,-4.3,0.34,1.68,0.87,1.11,15.9,18.01,,,,,,
164,VMID.L,FTSE 250,Total Return (ETF),Equity,UK,Equity Mid Cap,GBP,34.57,2026-04-23,-2.44,-2.59,5.9,6.61,-2.35,-3.46,2.1,3.47,1.69,1.93,19.45,21.62,,,,,,
165,^FTSC,FTSE SmallCap,Price Return (Index),Equity,UK,Equity Small Cap,GBP,7649.6001,2026-04-23,-2.03,-2.18,4.84,5.54,-1.81,-2.93,3.27,4.65,1.49,1.73,18.45,20.61,,,,,,
166,UKDV.L,SPDR S&P UK Dividend Aristocrats UCITS ETF,Total Return (ETF),Equity,UK,Factor,GBP,12.352,2026-04-23,-2.89,-3.04,4.98,5.68,0.86,-0.29,4.7,6.1,3.67,3.92,19.2,21.37,,,,,,
167,EZU,iShares MSCI Eurozone ETF (MSCI Europe ex UK proxy),Total Return (ETF),Equity,Europe,Equity Broad,USD,65.96,2026-04-23,-1.61,-1.61,7.2,7.2,-0.77,-0.77,6.24,6.24,1.46,1.46,24.69,24.69,,,,,,
168,^STOXX,STOXX Europe 600,Price Return (Index),Equity,Europe,Equity Broad,EUR,611.4,2026-04-23,-2.42,-3.01,4.07,4.94,0.3,-0.93,6.19,7.05,1.6,1.27,17.89,21.9,,,,,,
169,EXSA.DE,STOXX Europe 600,Total Return (ETF),Equity,Europe,Equity Broad,EUR,60.98,2026-04-23,-2.2,-2.79,4.61,5.49,1.34,0.09,7.15,8.02,3.55,3.22,21.02,25.13,,,,,,
170,^FCHI,CAC 40,Price Return (Index),Equity,Europe,Equity Large Cap,EUR,8175.2998,2026-04-23,-2.97,-3.55,4.19,5.07,0.54,-0.7,-0.61,0.2,-0.24,-0.56,8.96,12.66,,,,,,
171,C40.PA,CAC 40,Total Return (ETF),Equity,Europe,Equity Large Cap,EUR,139.98,2026-04-23,-3.46,-4.04,4.82,5.7,-1.58,-2.79,-3.81,-3.03,-3.01,-3.32,8.65,12.34,,,,,,
172,^GDAXI,DAX 40,Price Return (Index),Equity,Europe,Equity Large Cap,EUR,24157.1992,2026-04-23,-2.21,-2.8,5.23,6.11,-3.11,-4.3,-0.34,0.47,-1.56,-1.88,9.48,13.2,,,,,,
173,EXS1.DE,DAX 40,Total Return (ETF),Equity,Europe,Equity Large Cap,EUR,199.72,2026-04-23,-2.31,-2.9,5.04,5.92,-3.28,-4.47,-0.76,0.04,-1.71,-2.02,8.82,12.52,,,,,,
174,^STOXX50E,Euro Stoxx 50,Price Return (Index),Equity,Europe,Equity Large Cap,EUR,5888.02,2026-04-23,-2.8,-3.38,4.23,5.11,-1.17,-2.39,3.76,4.6,-0.6,-0.92,15.11,19.02,,,,,,
175,FEZ,Euro Stoxx 50,Total Return (ETF),Equity,Europe,Equity Large Cap,EUR,65.24,2026-04-23,-1.57,-2.16,6.71,7.61,-2.02,-3.23,4.6,5.45,-0.05,-0.37,21.51,25.64,,,,,,
176,^CM100,CAC Mid 60,Price Return (Index),Equity,Europe,Equity Mid Cap,EUR,14556.8701,2026-04-23,0.0,-0.6,0.0,0.84,0.0,-1.23,0.0,0.81,0.0,-0.32,0.0,3.4,,,,,,
177,^MDAXI,MDAX,Price Return (Index),Equity,Europe,Equity Mid Cap,EUR,30410.8398,2026-04-23,-4.82,-5.39,5.52,6.41,-4.45,-5.63,0.39,1.2,-1.84,-2.15,8.97,12.67,,,,,,
178,EXS3.DE,MDAX,Total Return (ETF),Equity,Europe,Equity Mid Cap,EUR,247.55,2026-04-23,-4.93,-5.5,5.39,6.28,-4.73,-5.9,0.51,1.32,-2.12,-2.43,8.01,11.68,,,,,,
179,^SDAXI,SDAX,Price Return (Index),Equity,Europe,Equity Small Cap,EUR,17736.8691,2026-04-23,-2.91,-3.49,4.92,5.8,-3.47,-4.66,2.1,2.93,2.2,1.87,14.49,18.38,,,,,,
180,^SX3P,STOXX Europe 600 Consumer Staples,Price Return (Index),Equity,Europe,Equity Sector,EUR,,,,,,,,,,,,,,,,,,,,
181,EXH3.DE,STOXX Europe 600 Consumer Staples,Total Return (ETF),Equity,Europe,Equity Sector,EUR,61.76,2026-04-23,-0.66,-1.26,3.24,4.11,3.24,1.97,-1.76,-0.96,0.28,-0.04,-7.09,-3.93,,,,,,
182,^SXDP,STOXX Europe 600 Health Care,Price Return (Index),Equity,Europe,Equity Sector,EUR,,,,,,,,,,,,,,,,,,,,
183,EXV4.DE,STOXX Europe 600 Health Care,Total Return (ETF),Equity,Europe,Equity Sector,EUR,110.3,2026-04-23,-4.49,-5.06,0.5,1.34,-7.1,-8.24,1.52,2.34,-2.61,-2.92,9.85,13.58,,,,,,
184,^SX6P,STOXX Europe 600 Utilities,Price Return (Index),Equity,Europe,Equity Sector,EUR,,,,,,,,,,,,,,,,,,,,
185,EXH9.DE,STOXX Europe 600 Utilities,Total Return (ETF),Equity,Europe,Equity Sector,EUR,58.16,2026-04-23,2.05,1.44,3.89,4.76,9.54,8.19,21.08,22.06,14.14,13.77,36.57,41.21,,,,,,
186,^SXNP,STOXX Europe 600 Industrials,Price Return (Index),Equity,Europe,Equity Sector,EUR,,,,,,,,,,,,,,,,,,,,
187,EXH4.DE,STOXX Europe 600 Industrials,Total Return (ETF),Equity,Europe,Equity Sector,EUR,112.06,2026-04-23,-4.07,-4.65,5.21,6.09,-0.53,-1.75,2.51,3.34,3.86,3.53,25.44,29.7,,,,,,
188,^SXEP,STOXX Europe 600 Energy,Price Return (Index),Equity,Europe,Equity Sector,EUR,,,,,,,,,,,,,,,,,,,,
189,EXH1.DE,STOXX Europe 600 Energy,Total Return (ETF),Equity,Europe,Equity Sector,EUR,54.68,2026-04-23,5.7,5.07,1.71,2.56,28.11,26.53,40.34,41.48,33.61,33.18,72.82,78.7,,,,,,
190,^SX8P,STOXX Europe 600 Technology,Price Return (Index),Equity,Europe,Equity Sector,EUR,,,,,,,,,,,,,,,,,,,,
191,EXV3.DE,STOXX Europe 600 Technology,Total Return (ETF),Equity,Europe,Equity Sector,EUR,86.06,2026-04-23,0.06,-0.54,9.48,10.4,-0.78,-2.0,2.37,3.2,5.64,5.3,18.26,22.28,,,,,,
192,^SX4P,STOXX Europe 600 Real Estate,Price Return (Index),Equity,Europe,Equity Sector,EUR,,,,,,,,,,,,,,,,,,,,
193,EXI5.DE,STOXX Europe 600 Real Estate,Total Return (ETF),Equity,Europe,Equity Sector,EUR,14.132,2026-04-23,-2.52,-3.1,7.06,7.96,0.95,-0.29,-0.21,0.6,3.86,3.53,3.39,6.91,,,,,,
194,^SX7E,STOXX Europe 600 Banks,Price Return (Index),Equity,Europe,Equity Sector,EUR,,,,,,,,,,,,,,,,,,,,
195,EXV1.DE,STOXX Europe 600 Banks,Total Return (ETF),Equity,Europe,Equity Sector,EUR,35.46,2026-04-23,-5.23,-5.8,6.91,7.81,-1.95,-3.16,17.63,18.58,0.33,0.01,48.29,53.33,,,,,,
196,^SXKP,STOXX Europe 600 Telecom,Price Return (Index),Equity,Europe,Equity Sector,EUR,,,,,,,,,,,,,,,,,,,,
197,EXV2.DE,STOXX Europe 600 Telecom,Total Return (ETF),Equity,Europe,Equity Sector,EUR,28.715,2026-04-23,-0.55,-1.15,0.4,1.24,15.41,13.99,16.35,17.29,17.67,17.29,21.01,25.12,,,,,,
198,SPYW.DE,SPDR S&P Euro Dividend Aristocrats UCITS ETF,Total Return (ETF),Equity,Europe,Factor,EUR,28.99,2026-04-23,-0.97,-1.56,4.58,5.46,6.94,5.62,7.3,8.17,5.99,5.65,15.8,19.74,,,,,,
199,EUN0.DE,iShares MSCI Europe Min Vol UCITS ETF,Total Return (ETF),Equity,Europe,Factor,EUR,72.32,2026-04-23,-0.95,-1.54,2.63,3.49,4.92,3.63,5.64,6.5,5.5,5.16,10.89,14.66,,,,,,
200,IEFM.L,iShares MSCI Europe Momentum Factor UCITS ETF,Total Return (ETF),Equity,Europe,Factor,GBP,13.192,2026-04-23,-3.68,-3.82,5.14,5.84,-0.42,-1.56,-4.52,-3.24,2.61,2.86,25.76,28.05,,,,,,
201,IEFQ.L,iShares MSCI Europe Quality Factor UCITS ETF,Total Return (ETF),Equity,Europe,Factor,GBP,10.042,2026-04-23,-1.37,-1.52,5.37,6.08,1.6,0.44,-9.11,-7.89,3.21,3.46,14.26,16.34,,,,,,
202,XU100.IS,Borsa Istanbul 100,Price Return (Index),Equity,Europe,nan,TRY,14339.8398,2026-04-23,-1.7,-2.07,10.61,8.91,8.82,4.72,31.06,21.74,24.71,18.84,51.09,24.51,,,,,,
203,XU030.IS,Borsa Istanbul 30,Price Return (Index),Equity,Europe,nan,TRY,16453.2793,2026-04-23,-1.61,-1.98,11.25,9.54,13.9,9.61,37.42,27.65,31.48,25.29,58.73,30.81,,,,,,
204,FTSEMIB.MI,FTSE MIB Index,Price Return (Index),Equity,Europe,nan,EUR,47642.4805,2026-04-23,-2.51,-3.09,8.25,9.16,5.99,4.69,12.13,13.04,5.0,4.66,29.43,33.83,,,,,,
205,IMIB.MI,FTSE MIB Index,Total Return (ETF),Equity,Europe,nan,EUR,29.055,2026-04-23,-2.06,-2.65,8.68,9.59,6.37,5.06,14.25,15.18,5.71,5.37,20.98,25.09,,,,,,
206,^TECDAX,TecDAX,Price Return (Index),Equity,Europe,nan,EUR,3675.71,2026-04-23,-2.39,-2.98,5.7,6.59,-1.46,-2.67,-1.39,-0.59,1.42,1.1,2.58,6.07,,,,,,
207,EWJ,iShares MSCI Japan ETF,Total Return (ETF),Equity,Japan,Equity Broad,USD,87.07,2026-04-23,-2.62,-2.62,4.55,4.55,2.97,2.97,9.86,9.86,7.06,7.06,31.06,31.06,,,,,,
208,^TOPX,TOPIX Index,Price Return (Index),Equity,Japan,Equity Broad,JPY,,,,,,,,,,,,,,,,,,,,
209,1306.T,TOPIX Index,Total Return (ETF),Equity,Japan,Equity Broad,JPY,393.7,2026-04-23,-1.35,-1.51,-89.74,-89.79,-89.44,-89.73,-88.7,-89.21,-89.21,-89.4,-85.64,-87.27,,,,,,
210,^N225,Nikkei 225,Price Return (Index),Equity,Japan,Equity Large Cap,JPY,59716.1797,2026-04-23,2.12,1.96,11.1,10.59,12.92,9.8,21.13,15.69,15.21,13.21,70.43,51.12,,,,,,
211,1321.T,Nikkei 225,Total Return (ETF),Equity,Japan,Equity Large Cap,JPY,62390.0,2026-04-23,1.68,1.52,11.69,11.18,13.48,10.35,18.97,13.63,15.77,13.76,73.26,53.63,,,,,,
212,VFEM.L,Vanguard FTSE Emerging Markets UCITS ETF,Total Return (ETF),Equity,Emerging Markets,Equity Broad,GBP,60.04,2026-04-23,-0.88,-1.03,6.59,7.3,4.06,2.87,5.46,6.87,6.45,6.71,31.53,33.92,,,,,,
213,EEM,iShares MSCI Emerging Markets ETF,Total Return (ETF),Equity,Emerging Markets,Equity Broad,USD,62.35,2026-04-23,-0.16,-0.16,10.31,10.31,5.55,5.55,15.53,15.53,10.86,10.86,48.4,48.4,,,,,,
214,NDIA.L,iShares India 50 ETF,Total Return (ETF),Equity,Asia Pacific,Equity Broad,GBP,8.783,2026-04-23,-4.94,-5.08,4.24,4.94,-4.99,-6.07,-11.04,-9.85,-11.18,-10.97,-8.48,-6.81,,,,,,
215,AAXJ,iShares MSCI All Country Asia ex Japan ETF,Total Return (ETF),Equity,Asia ex Japan,Equity Broad,USD,106.54,2026-04-23,0.38,0.38,10.22,10.22,6.39,6.39,14.99,14.99,10.94,10.94,49.65,49.65,,,,,,
216,EWY,iShares MSCI South Korea ETF,Total Return (ETF),Equity,Asia Pacific,Equity Broad,USD,150.59,2026-04-23,2.12,2.12,16.96,16.96,27.65,27.65,70.95,70.95,47.32,47.32,176.93,176.93,,,,,,
217,EWT,iShares MSCI Taiwan ETF,Total Return (ETF),Equity,Asia Pacific,Equity Broad,USD,84.24,2026-04-23,3.55,3.55,19.08,19.08,20.84,20.84,34.09,34.09,30.06,30.06,93.65,93.65,,,,,,
218,^JKSE,Jakarta Composite (IDX Composite),Price Return (Index),Equity,Asia Pacific,Equity Broad,IDR,7129.4902,2026-04-23,-6.61,-7.43,-2.36,-5.12,-20.57,-22.95,-13.81,-17.34,-18.5,-21.46,7.8,5.07,,,,,,
219,000001.SS,Shanghai Composite,Price Return (Index),Equity,Asia Pacific,Equity Broad,CNY,4079.9004,2026-04-23,0.7,0.49,3.77,4.62,-1.28,0.66,3.28,7.48,1.4,3.73,23.74,31.39,,,,,,
220,399001.SZ,Shenzhen Composite,Price Return (Index),Equity,Asia Pacific,Equity Broad,CNY,14940.3008,2026-04-23,0.37,0.16,8.26,9.15,4.36,6.42,12.42,17.0,8.04,10.52,51.24,60.59,,,,,,
221,^KS200,KOSPI 200,Price Return (Index),Equity,Asia Pacific,Equity Large Cap,KRW,971.87,2026-04-23,4.34,4.26,15.88,17.29,34.97,31.77,76.7,71.38,55.71,51.9,191.22,180.47,,,,,,
222,069500.KS,KOSPI 200,Total Return (ETF),Equity,Asia Pacific,Equity Large Cap,KRW,98000.0,2026-04-23,4.2,4.12,15.96,17.37,35.68,32.46,77.98,72.62,56.56,52.72,195.32,184.42,,,,,,
223,^NSEI,Nifty 50,Price Return (Index),Equity,Asia Pacific,Equity Large Cap,INR,23897.9492,2026-04-23,-1.87,-3.12,2.54,2.62,-5.07,-7.9,-7.35,-14.16,-9.23,-13.53,-1.44,-11.5,,,,,,
224,NIFTYBEES.NS,Nifty 50,Total Return (ETF),Equity,Asia Pacific,Equity Large Cap,INR,271.09,2026-04-23,-1.73,-2.98,2.66,2.74,-4.95,-7.78,-7.59,-14.38,-8.89,-13.21,0.05,-10.17,,,,,,
225,^BSESN,S&P BSE Sensex,Price Return (Index),Equity,Asia Pacific,Equity Large Cap,INR,76664.2109,2026-04-23,-2.33,-3.57,1.85,1.93,-6.34,-9.13,-8.96,-15.65,-10.61,-14.85,-3.93,-13.74,,,,,,
226,SENSEXBEES.NS,S&P BSE Sensex,Total Return (ETF),Equity,Asia Pacific,Equity Large Cap,INR,,,,,,,,,,,,,,,,,,,,
227,^CRSMID,Nifty Midcap 100,Price Return (Index),Equity,Asia Pacific,Equity Mid Cap,INR,59952.8008,2026-04-22,1.36,0.07,10.85,10.94,4.91,1.78,0.98,-6.44,-2.3,-6.93,8.92,-2.2,,,,,,
228,MID150BEES.NS,Nifty Midcap 100,Total Return (ETF),Equity,Asia Pacific,Equity Mid Cap,INR,225.78,2026-04-23,-0.79,-2.05,6.91,7.0,3.49,0.41,0.1,-7.26,-2.83,-7.44,9.0,-2.13,,,,,,
229,^CNXSC,Nifty Smallcap 100,Price Return (Index),Equity,Asia Pacific,Equity Small Cap,INR,17567.1992,2026-04-23,0.0,-1.27,0.0,0.08,0.0,-2.98,0.0,-7.35,0.0,-4.74,0.0,-10.21,,,,,,
230,SMALLCAP.NS,Nifty Smallcap 100,Total Return (ETF),Equity,Asia Pacific,Equity Small Cap,INR,43.34,2026-04-23,-1.46,-2.71,9.89,9.98,5.97,2.81,-5.74,-12.67,-1.88,-6.53,-0.44,-10.61,,,,,,
231,^CNXENERGY,Nifty Energy,Price Return (Index),Equity,Asia Pacific,Equity Sector,INR,39903.75,2026-04-23,2.63,1.33,12.23,12.32,19.86,16.29,12.0,3.77,10.0,4.79,14.91,3.18,,,,,,
232,000300.SS,CSI 300 Index,Price Return (Index),Equity,Asia Pacific,nan,CNY,4769.3687,2026-04-23,0.86,0.65,5.11,5.97,1.33,3.33,2.33,6.49,1.09,3.42,26.03,33.82,,,,,,
233,ASHR,CSI 300 Index,Total Return (ETF),Equity,Asia Pacific,nan,CNY,34.91,2026-04-23,1.19,0.98,8.99,9.88,3.87,5.92,9.04,13.48,4.77,7.18,37.85,46.37,,,,,,
234,^HSI,Hang Seng Index,Price Return (Index),Equity,Asia Pacific,nan,HKD,25978.0703,2026-04-23,-0.7,-0.85,2.53,2.44,-2.94,-3.44,-0.7,-1.5,-1.37,-1.99,18.57,17.42,,,,,,
235,2800.HK,Hang Seng Index,Total Return (ETF),Equity,Asia Pacific,nan,HKD,26.26,2026-04-23,-0.68,-0.83,2.34,2.25,-2.67,-3.17,-0.86,-1.66,-1.06,-1.68,21.84,20.66,,,,,,
236,^KQ11,KOSDAQ,Price Return (Index),Equity,Asia Pacific,nan,KRW,1203.84,2026-04-23,2.89,2.81,3.82,5.09,13.1,10.42,36.32,32.22,27.31,24.19,65.8,59.68,,,,,,
237,^KS11,KOSPI,Price Return (Index),Equity,Asia Pacific,nan,KRW,6475.6299,2026-04-23,4.58,4.5,14.77,16.17,30.83,27.73,64.29,59.34,50.26,46.58,156.73,147.26,,,,,,
238,^CNXAUTO,Nifty Auto,Price Return (Index),Equity,Asia Pacific,nan,INR,25652.8496,2026-04-23,-2.96,-4.19,2.37,2.45,-3.39,-6.27,-5.37,-12.33,-10.94,-15.16,14.69,2.98,,,,,,
239,^NSEBANK,Nifty Bank,Price Return (Index),Equity,Asia Pacific,nan,INR,56089.75,2026-04-23,-0.84,-2.1,4.43,4.51,-5.26,-8.08,-2.79,-9.93,-6.75,-11.17,1.61,-8.76,,,,,,
240,^CNXFMCG,Nifty FMCG,Price Return (Index),Equity,Asia Pacific,nan,INR,50766.25,2026-04-23,2.23,0.93,7.37,7.46,-1.14,-4.09,-9.91,-16.53,-4.36,-8.89,-10.76,-19.87,,,,,,
241,^CNXIT,Nifty IT,Price Return (Index),Equity,Asia Pacific,nan,INR,28530.5996,2026-04-23,-10.31,-11.45,-3.84,-3.76,-26.02,-28.22,-20.72,-26.55,-25.55,-29.08,-19.19,-27.44,,,,,,
242,^CNXINFRA,Nifty Infrastructure,Price Return (Index),Equity,Asia Pacific,nan,INR,9242.0,2026-04-23,-0.75,-2.01,3.99,4.07,2.87,-0.2,-1.65,-8.88,-5.36,-9.85,5.93,-4.89,,,,,,
243,^CNXMETAL,Nifty Metal,Price Return (Index),Equity,Asia Pacific,nan,INR,12746.6504,2026-04-23,-1.04,-2.3,12.38,12.47,7.75,4.54,23.19,14.14,11.6,6.31,45.62,30.75,,,,,,
244,^CNXPHARMA,Nifty Pharma,Price Return (Index),Equity,Asia Pacific,nan,INR,22580.0996,2026-04-23,0.37,-0.9,-0.44,-0.36,3.63,0.54,1.0,-6.42,-0.92,-5.62,2.76,-7.73,,,,,,
245,^CNXREALTY,Nifty Realty,Price Return (Index),Equity,Asia Pacific,nan,INR,778.0,2026-04-23,-1.13,-2.39,12.41,12.5,2.45,-0.6,-17.31,-23.39,-13.44,-17.54,-12.01,-20.99,,,,,,
246,^AXJO,S&P/ASX 200,Price Return (Index),Equity,Asia Pacific,nan,AUD,8793.4004,2026-04-22,-1.8,-2.06,2.76,4.87,-1.66,1.57,-2.5,6.87,0.75,7.72,11.02,24.54,,,,,,
247,IOZ.AX,S&P/ASX 200,Total Return (ETF),Equity,Asia Pacific,nan,AUD,35.3,2026-04-23,-1.73,-1.99,3.1,5.21,-0.7,2.56,-1.25,8.24,1.78,8.82,13.93,27.81,,,,,,
248,^AORD,S&P/ASX All Ordinaries,Price Return (Index),Equity,Asia Pacific,nan,AUD,9024.2002,2026-04-22,-1.63,-1.89,2.92,5.03,-2.64,0.55,-3.14,6.17,-0.14,6.77,11.06,24.59,,,,,,
249,VAS.AX,S&P/ASX All Ordinaries,Total Return (ETF),Equity,Asia Pacific,nan,AUD,108.89,2026-04-23,-1.71,-1.97,3.21,5.33,-0.99,2.26,-1.6,7.86,1.39,8.41,13.96,27.84,,,,,,
250,^AXSO,S&P/ASX Small Ordinaries,Price Return (Index),Equity,Asia Pacific,nan,AUD,3530.0,2026-04-22,-0.01,-0.27,4.42,6.56,-11.48,-8.58,-6.67,2.3,-6.99,-0.55,19.04,33.54,,,,,,
251,SSO.AX,S&P/ASX Small Ordinaries,Total Return (ETF),Equity,Asia Pacific,nan,AUD,15.97,2026-04-23,-1.05,-1.31,4.11,6.24,-11.87,-8.98,-6.94,2.0,-7.1,-0.67,18.83,33.3,,,,,,
252,^J203.JO,FTSE/JSE All Share,Price Return (Index),Equity,Middle East & Africa,Equity Broad,ZAR,116986.7422,2026-04-23,-3.52,-4.19,2.34,4.59,-6.08,-8.04,5.92,11.71,0.77,1.31,29.19,44.09,,,,,,
253,^TASI.SR,Tadawul All Share Index (Saudi),Price Return (Index),Equity,Middle East & Africa,Equity Broad,SAR,11109.5898,2026-04-22,-3.85,-3.95,1.46,1.44,-1.41,-1.57,-4.32,-4.44,7.19,7.06,-4.89,-4.99,,,,,,
254,^J200.JO,FTSE/JSE Top 40,Price Return (Index),Equity,Middle East & Africa,nan,ZAR,109273.2812,2026-04-23,-3.71,-4.37,2.66,4.92,-6.37,-8.33,5.97,11.77,0.96,1.51,31.25,46.38,,,,,,
255,STX40.JO,FTSE/JSE Top 40,Total Return (ETF),Equity,Middle East & Africa,nan,ZAR,11059.0,2026-04-23,-4.89,-5.55,2.97,5.24,-5.34,-7.32,6.79,12.63,1.27,1.82,31.5,46.66,,,,,,
256,^BVSP,Bovespa (IBOVESPA),Price Return (Index),Equity,Latin America,nan,BRL,191378.0,2026-04-23,-2.76,-3.32,4.86,9.2,7.0,12.52,31.33,40.29,19.21,30.03,44.75,62.19,,,,,,
257,BOVA11.SA,Bovespa (IBOVESPA),Total Return (ETF),Equity,Latin America,nan,BRL,187.87,2026-04-23,-2.68,-3.24,4.84,9.18,6.93,12.45,31.67,40.65,19.39,30.23,45.55,63.09,,,,,,
258,^MERV,MERVAL (Argentina),Price Return (Index),Equity,Latin America,nan,ARS,2831849.0,2026-04-23,-3.15,-6.07,0.95,0.97,-8.46,-6.07,37.77,45.76,-9.42,-6.12,26.46,1.08,,,,,,
259,^MXX,S&P/BMV IPC Index (Mexico),Price Return (Index),Equity,Latin America,nan,MXN,68631.1562,2026-04-23,-0.67,-1.23,4.34,6.94,0.64,1.37,11.57,18.22,7.0,10.83,23.07,37.35,,,,,,
260,NAFTRAC.MX,S&P/BMV IPC Index (Mexico),Total Return (ETF),Equity,Latin America,nan,MXN,68.38,2026-04-23,-0.6,-1.16,4.54,7.14,0.84,1.58,12.99,19.72,7.25,11.09,27.95,42.79,,,,,,
261,^NYFANG,NYSE FANG+ Index,Price Return (Index),Equity,nan,nan,USD,15993.4502,2026-04-23,-0.03,-0.03,13.12,13.12,3.92,3.92,-2.08,-2.08,2.67,2.67,38.71,38.71,,,,,,
262,AGGG.L,iShares Core Global Aggregate Bond UCITS ETF,Total Return (ETF),Bonds,Global,Bond Aggregate,USD,4.4085,2026-04-23,-0.71,-0.71,1.15,1.15,-0.52,-0.52,0.36,0.36,0.28,0.28,3.42,3.42,,,,,,
263,IGOV,iShares International Treasury Bond ETF,Total Return (ETF),Bonds,Global,Government,USD,41.65,2026-04-23,-0.5,-0.5,1.41,1.41,-1.16,-1.16,-0.64,-0.64,0.12,0.12,1.66,1.66,,,,,,
264,WIP,FTSE International Government Inflation-Protected Bond Index (USD Hedged),Total Return (ETF),Bonds,Global,Government Inflation-Linked,USD,40.64,2026-04-23,0.0,0.0,3.61,3.61,1.22,1.22,4.84,4.84,4.24,4.24,11.94,11.94,,,,,,
265,HYLH.L,ICE BofA Global High Yield Bond Index (USD Hedged),Total Return (ETF),Bonds,Global,Corp HY,USD,5.384,2026-04-22,0.33,0.33,2.22,2.22,0.64,0.64,1.05,1.05,1.05,1.05,1.05,1.05,,,,,,
266,XSB.TO,ICE BofA 1-3 Year Canada Government Bond Index,Total Return (ETF),Bonds,North America,Govt Bond,CAD,26.9,2026-04-23,0.07,0.18,0.82,1.34,0.17,0.29,0.47,2.63,0.55,0.77,3.01,4.41,,,,,,
267,SHY,ICE BofA 1-3 Year US Treasury Index,Total Return (ETF),Bonds,North America,Govt Bond,USD,82.48,2026-04-23,0.0,0.0,0.51,0.51,0.44,0.44,1.1,1.1,0.41,0.41,3.53,3.53,,,,,,
268,XLB.TO,ICE BofA 10+ Year Canada Government Bond Index,Total Return (ETF),Bonds,North America,Govt Bond,CAD,18.54,2026-04-23,0.54,0.65,2.16,2.69,-0.08,0.04,-1.52,0.6,1.54,1.76,2.05,3.44,,,,,,
269,TLT,ICE BofA 10+ Year US Treasury Index,Total Return (ETF),Bonds,North America,Govt Bond,USD,86.55,2026-04-23,0.31,0.31,1.03,1.03,-0.47,-0.47,-3.21,-3.21,0.56,0.56,3.62,3.62,,,,,,
270,XGB.TO,ICE BofA Canada Government Bond Index,Total Return (ETF),Bonds,North America,Govt Bond,CAD,19.18,2026-04-23,0.1,0.21,1.11,1.64,0.05,0.17,-0.67,1.47,0.83,1.05,2.19,3.58,,,,,,
271,GOVT,ICE BofA US Treasury Index,Total Return (ETF),Bonds,North America,Govt Bond,USD,22.89,2026-04-23,0.0,0.0,0.74,0.74,0.22,0.22,0.02,0.02,0.31,0.31,4.1,4.1,,,,,,
272,XRB.TO,Canada Real Return Bond Index (Inflation-Linked),Total Return (ETF),Bonds,North America,Government Inflation-Linked,CAD,22.9,2026-04-23,0.39,0.5,1.37,1.9,1.1,1.22,-0.95,1.18,1.96,2.18,1.27,2.65,,,,,,
273,IGLS.L,ICE BofA 1-3 Year UK Gilt Index,Total Return (ETF),Bonds,UK,Govt Bond,GBP,1.2623,2026-04-23,-0.47,-0.62,0.34,1.01,-0.24,-1.38,0.59,1.94,-0.04,0.2,2.6,4.47,,,,,,
274,IGLT.L,ICE BofA 10+ Year UK Gilt Index,Total Return (ETF),Bonds,UK,Govt Bond,GBP,9.76,2026-04-23,-1.21,-1.36,-0.54,0.13,-1.91,-3.03,-1.45,-0.13,-1.49,-1.25,1.02,2.86,,,,,,
275,INXG.L,ICE BofA UK Inflation-Linked Gilt Index,Total Return (ETF),Bonds,UK,Government Inflation-Linked,GBP,11.246,2026-04-23,-1.56,-1.71,-2.02,-1.36,-1.61,-2.73,-0.56,0.77,0.33,0.57,1.97,3.83,,,,,,
276,VDET.L,Vanguard USD EM Government Bond UCITS ETF,Total Return (ETF),Bonds,UK,Emerging Market Debt,USD,43.92,2026-04-23,-0.52,-0.52,1.93,1.93,0.58,0.58,1.65,1.65,1.09,1.09,10.76,10.76,,,,,,
277,SLXX.L,iShares Core GBP Corporate Bond UCITS ETF,Total Return (ETF),Bonds,UK,Corp IG,GBP,1.1986,2026-04-23,-1.42,-1.57,-0.07,0.6,-1.92,-3.04,-0.83,0.5,-1.2,-0.96,4.01,5.9,,,,,,
278,IHYU.L,iShares USD High Yield Corp Bond UCITS ETF,Total Return (ETF),Bonds,UK,Corp HY,USD,0.954,2026-04-23,-0.53,-0.53,1.39,1.39,0.3,0.3,2.0,2.0,0.9,0.9,8.84,8.84,,,,,,
279,IBGS.L,ICE BofA 1-3 Year Euro Government Bond Index,Total Return (ETF),Bonds,Europe,Govt Bond,EUR,1.2189,2026-04-23,-0.58,-1.18,0.66,1.51,-0.21,-1.44,-0.46,0.35,-0.37,-0.69,2.36,5.84,,,,,,
280,IBGL.L,ICE BofA 10+ Year Euro Government Bond Index,Total Return (ETF),Bonds,Europe,Govt Bond,EUR,1.4175,2026-04-23,-1.09,-1.68,-0.87,-0.04,-1.59,-2.8,-3.62,-2.84,0.04,-0.28,-2.69,0.62,,,,,,
281,IFRB.L,France Government Bond Index (OATs),Total Return (ETF),Bonds,Europe,Govt Bond,EUR,1.271,2026-04-22,0.0,-0.6,0.0,0.84,0.0,-1.23,1.16,1.98,0.0,-0.32,1.45,4.9,,,,,,
282,IEAG.L,ICE BofA Euro Government Bond Index,Total Return (ETF),Bonds,Europe,Govt Bond,EUR,1.073,2026-04-22,0.15,-0.45,0.71,1.56,-0.4,-1.63,-0.79,0.01,0.23,-0.09,0.58,4.0,,,,,,
283,EXX6.DE,ICE BofA Germany Government Bond Index (Bunds),Total Return (ETF),Bonds,Europe,Govt Bond,EUR,113.91,2026-04-23,-0.02,-0.62,-1.23,-0.4,-0.41,-1.63,-3.88,-3.1,0.61,0.29,-6.5,-3.32,,,,,,
284,IITB.L,Italy Government Bond Index (BTPs),Total Return (ETF),Bonds,Europe,Govt Bond,EUR,1.5038,2026-04-22,0.01,-0.59,0.73,1.58,-1.3,-2.51,-1.33,-0.53,-0.59,-0.91,1.25,4.69,,,,,,
285,IBCI.L,ICE BofA Euro Inflation-Linked Government Bond Index,Total Return (ETF),Bonds,Europe,Government Inflation-Linked,EUR,2.0455,2026-04-23,-0.04,-0.64,1.31,2.16,1.2,-0.04,0.85,1.67,2.41,2.08,4.09,7.63,,,,,,
286,IBCX.L,ICE BofA Euro Corporate Bond Index,Total Return (ETF),Bonds,Europe,Corp IG,EUR,1.2394,2026-04-23,-0.55,-1.15,0.67,1.52,-0.53,-1.75,-0.47,0.34,0.22,-0.1,1.49,4.94,,,,,,
287,HYXU,ICE BofA Euro High Yield Bond Index (USD Hedged),Total Return (ETF),Bonds,Europe,Corp HY,EUR,53.18,2026-04-23,-0.03,-0.63,2.04,2.9,-0.15,-1.38,1.0,1.82,0.57,0.25,7.38,11.03,,,,,,
288,2561.T,ICE BofA Japan Government Bond Index,Total Return (ETF),Bonds,Japan,Govt Bond,JPY,2051.0,2026-04-23,-0.1,-0.26,-1.2,-1.65,-0.68,-3.42,-5.33,-9.58,-2.09,-3.79,-7.77,-18.22,,,,,,
289,EMB,Argentina Government Bond Index (USD Hedged),Total Return (ETF),Bonds,Emerging Markets,EM Bond,ARS,95.93,2026-04-23,-0.02,-3.03,3.01,3.03,0.51,3.13,2.49,8.43,0.95,4.62,13.38,-9.38,,,,,,
290,IAF.AX,Australia Government Bond Index,Total Return (ETF),Bonds,Asia Pacific,Govt Bond,AUD,100.26,2026-04-23,0.03,-0.23,0.63,2.69,0.01,3.29,-2.15,7.25,0.17,7.1,0.45,12.68,,,,,,
291,CNYB.L,China Government Bond Index (CGBs),Total Return (ETF),Bonds,Asia Pacific,Govt Bond,CNY,4.175,2026-04-23,0.54,0.33,1.15,1.98,4.67,6.73,-21.35,-18.15,3.91,6.3,7.02,13.63,,,,,,
292,BAMLCC0A0CMTRIV,ICE BofA Global Corporate Bond Index,FRED,Bonds,Global,Corp IG,USD,3608.39,2026-04-23,0.09,0.09,1.37,1.37,0.16,0.16,0.28,0.28,0.66,0.66,7.33,7.33,,,,,,
293,BAMLCC0A0CMTRIV,ICE BofA Global Corporate Bond Index (USD Hedged),FRED,Bonds,Global,Corp IG,USD,3608.39,2026-04-23,0.09,0.09,1.37,1.37,0.16,0.16,0.28,0.28,0.66,0.66,7.33,7.33,,,,,,
294,BAMLHYH0A0HYM2TRIV,ICE BofA Global High Yield Bond Index,FRED,Bonds,Global,Corp HY,USD,1889.51,2026-04-23,0.04,0.04,1.88,1.88,0.55,0.55,2.5,2.5,1.2,1.2,9.26,9.26,,,,,,
295,DFII10,ICE BofA US Inflation-Linked Treasury Index (TIPS),FRED,Bonds,North America,Government Inflation-Linked,USD,1.92,2026-04-22,,,,,,,,,,,,,2.0,-9.0,-3.0,24.0,-2.0,-22.0
296,BAMLC0A0CM,ICE BofA US Corporate Index,FRED,Bonds,North America,Corp IG,USD,0.8,2026-04-23,,,,,,,,,,,,,-1.0,-7.0,7.0,2.0,1.0,-28.0
297,BAMLC0A0CM,ICE BofA US Corporate IG OAS,FRED,Bonds,North America,Corp IG,USD,0.8,2026-04-23,,,,,,,,,,,,,-1.0,-7.0,7.0,2.0,1.0,-28.0
298,BAMLH0A0HYM2,ICE BofA US High Yield Index,FRED,Bonds,North America,Corp HY,USD,2.86,2026-04-23,,,,,,,,,,,,,0.0,-33.0,18.0,-10.0,3.0,-89.0
299,BAMLH0A1HYBB,ICE BofA US BB High Yield OAS,FRED,Bonds,North America,Corp HY,USD,1.74,2026-04-23,,,,,,,,,,,,,-1.0,-22.0,13.0,-11.0,3.0,-63.0
300,BAMLH0A3HYC,ICE BofA US CCC & Lower HY OAS,FRED,Bonds,North America,Corp HY,USD,9.15,2026-04-23,,,,,,,,,,,,,-6.0,-62.0,66.0,62.0,27.0,-72.0
301,BAMLH0A0HYM2,ICE BofA US High Yield OAS,FRED,Bonds,North America,Corp HY,USD,2.86,2026-04-23,,,,,,,,,,,,,0.0,-33.0,18.0,-10.0,3.0,-89.0
302,BAMLH0A2HYB,ICE BofA US Single-B High Yield OAS,FRED,Bonds,North America,Corp HY,USD,3.09,2026-04-23,,,,,,,,,,,,,1.0,-41.0,24.0,3.0,7.0,-79.0
303,BAMLC0A3CA,ICE BofA US A Corporate OAS,FRED,Bonds,North America,Credit Spread,USD,0.66,2026-04-23,,,,,,,,,,,,,-1.0,-6.0,6.0,2.0,1.0,-24.0
304,BAMLC0A2CAA,ICE BofA US AA Corporate OAS,FRED,Bonds,North America,Credit Spread,USD,0.49,2026-04-23,,,,,,,,,,,,,0.0,-5.0,4.0,4.0,0.0,-11.0
305,BAMLC0A1CAAA,ICE BofA US AAA Corporate OAS,FRED,Bonds,North America,Credit Spread,USD,0.35,2026-04-23,,,,,,,,,,,,,2.0,-3.0,3.0,4.0,0.0,-9.0
306,BAMLC0A4CBBB,ICE BofA US BBB Corporate OAS,FRED,Bonds,North America,Credit Spread,USD,1.0,2026-04-23,,,,,,,,,,,,,-1.0,-9.0,6.0,0.0,-1.0,-35.0
307,BAMLHE00EHYITRIV,ICE BofA Euro High Yield Bond Index,FRED,Bonds,Europe,Corp HY,USD,394.14,2026-04-23,0.25,0.25,1.87,1.87,-0.3,-0.3,1.11,1.11,0.46,0.46,4.78,4.78,,,,,,
308,BAMLHE00EHYIOAS,ICE BofA Euro High Yield OAS,FRED,Bonds,Europe,Corp HY,USD,2.84,2026-04-23,,,,,,,,,,,,,-9.0,-32.0,27.0,-13.0,9.0,-74.0
309,BAMLEMCBPIOAS,ICE BofA EM Corporate Plus OAS,FRED,Bonds,Emerging Markets,Credit Spread,USD,1.51,2026-04-23,,,,,,,,,,,,,-3.0,-22.0,3.0,-9.0,-6.0,-52.0
310,BAMLEMHBHYCRPIOAS,ICE BofA EM High Yield Corporate OAS,FRED,Bonds,Global,Corp HY,USD,3.26,2026-04-23,,,,,,,,,,,,,-3.0,-50.0,3.0,-28.0,-19.0,-107.0
311,BAMLEMRACRPIASIAOAS,ICE BofA EM Asia Corporate OAS,FRED,Bonds,Global,Credit Spread,USD,0.87,2026-04-23,,,,,,,,,,,,,-1.0,-7.0,0.0,3.0,-6.0,-39.0
312,BAMLEM2BRRBBBCRPIOAS,ICE BofA EM BBB Corporate OAS,FRED,Bonds,Global,Credit Spread,USD,1.13,2026-04-23,,,,,,,,,,,,,-4.0,-14.0,1.0,-9.0,-6.0,-45.0
313,^TNX,US 10-Year Treasury Yield,Price Return (Index),Bonds,nan,nan,USD,4.323,2026-04-23,,,,,,,,,,,,,1.4,-6.9,8.4,33.2,13.6,-6.4
314,^IRX,US 3-Month Treasury Yield,Price Return (Index),Bonds,nan,nan,USD,3.595,2026-04-23,,,,,,,,,,,,,-1.5,-2.5,1.3,-19.3,6.2,-61.3
315,^TYX,US 30-Year Treasury Yield,Price Return (Index),Bonds,nan,nan,USD,4.918,2026-04-23,,,,,,,,,,,,,-1.1,-2.3,8.5,34.5,5.4,8.5
316,^FVX,US 5-Year Treasury Yield,Price Return (Index),Bonds,nan,nan,USD,3.952,2026-04-23,,,,,,,,,,,,,3.9,-7.8,11.3,35.5,21.3,-6.2
317,DX-Y.NYB,DXY Dollar Index,Price Return (Index),FX,North America,nan,USD,98.8,2026-04-23,0.59,0.59,-0.63,-0.63,1.23,1.23,-0.14,-0.14,0.39,0.39,-1.04,-1.04,,,,,,
318,EURUSD=X,EUR/USD,Price Return (Index),FX,Global,nan,USD,1.1711,2026-04-23,-0.61,-0.61,0.83,0.83,-1.24,-1.24,0.8,0.8,-0.34,-0.34,3.39,3.39,,,,,,
319,GBPUSD=X,GBP/USD,Price Return (Index),FX,Global,nan,USD,1.3505,2026-04-23,-0.16,-0.16,0.66,0.66,-1.16,-1.16,1.33,1.33,0.23,0.23,1.81,1.81,,,,,,
320,CNY=X,USD/CNY,Price Return (Index),FX,Global,nan,USD,6.8354,2026-04-23,0.21,0.21,-0.82,-0.82,-1.97,-1.97,-4.07,-4.07,-2.3,-2.3,-6.18,-6.18,,,,,,
321,INR=X,USD/INR,Price Return (Index),FX,Global,nan,USD,94.228,2026-04-23,1.27,1.27,-0.08,-0.08,2.98,2.98,7.35,7.35,4.74,4.74,10.21,10.21,,,,,,
322,USDJPY=X,USD/JPY,Price Return (Index),FX,Global,nan,USD,159.444,2026-04-23,0.16,0.16,0.46,0.46,2.76,2.76,4.48,4.48,1.73,1.73,11.33,11.33,,,,,,
323,KRW=X,USD/KRW,Price Return (Index),FX,Global,nan,USD,1479.3101,2026-04-23,0.09,0.09,-1.2,-1.2,2.39,2.39,3.03,3.03,2.47,2.47,3.71,3.71,,,,,,
324,TWD=X,USD/TWD,Price Return (Index),FX,Global,nan,USD,31.455,2026-04-23,-0.33,-0.33,-1.47,-1.47,0.27,0.27,2.21,2.21,0.48,0.48,-3.31,-3.31,,,,,,
325,BZ=F,Brent Crude Oil,Price Return (Index),Commodities,Global,Energy,USD,105.07,2026-04-23,5.71,5.71,0.56,0.56,59.49,59.49,59.22,59.22,72.95,72.95,58.91,58.91,,,,,,
326,RB=F,Gasoline (RBOB),Price Return (Index),Commodities,Global,Energy,USD,3.4621,2026-04-23,9.43,9.43,9.98,9.98,87.04,87.04,79.67,79.67,103.87,103.87,66.14,66.14,,,,,,
327,HO=F,Heating Oil,Price Return (Index),Commodities,Global,Energy,USD,3.9882,2026-04-23,4.05,4.05,-7.05,-7.05,64.22,64.22,65.97,65.97,88.56,88.56,87.51,87.51,,,,,,
328,DBE,Invesco DB Energy Fund,Total Return (ETF),Commodities,Global,Energy,USD,30.87,2026-04-23,5.86,5.86,6.67,6.67,64.11,64.11,68.11,68.11,77.41,77.41,82.35,82.35,,,,,,
329,NG=F,Natural Gas (Henry Hub),Price Return (Index),Commodities,Global,Energy,USD,2.614,2026-04-23,-1.25,-1.25,-11.18,-11.18,-50.45,-50.45,-21.83,-21.83,-27.75,-27.75,-13.5,-13.5,,,,,,
330,CL=F,WTI Crude Oil,Price Return (Index),Commodities,Global,Energy,USD,95.85,2026-04-23,1.23,1.23,3.79,3.79,56.95,56.95,55.12,55.12,67.22,67.22,53.93,53.93,,,,,,
331,GC=F,Gold,Price Return (Index),Commodities,Global,Precious Metals,USD,4705.1001,2026-04-23,-1.68,-1.68,6.95,6.95,-5.45,-5.45,14.05,14.05,9.06,9.06,43.61,43.61,,,,,,
332,DBP,Invesco DB Precious Metals Fund,Total Return (ETF),Commodities,Global,Precious Metals,USD,110.56,2026-04-23,-2.71,-2.71,6.99,6.99,-12.18,-12.18,19.88,19.88,6.45,6.45,53.13,53.13,,,,,,
333,SI=F,Silver,Price Return (Index),Commodities,Global,Precious Metals,USD,75.465,2026-04-23,-4.0,-4.0,8.94,8.94,-25.23,-25.23,55.66,55.66,6.96,6.96,125.15,125.15,,,,,,
334,ALI=F,Aluminium,Price Return (Index),Commodities,Global,Industrial Metals,USD,3616.75,2026-04-23,-0.85,-0.85,15.26,15.26,16.76,16.76,30.63,30.63,23.1,23.1,54.18,54.18,,,,,,
335,HG=F,Copper,Price Return (Index),Commodities,Global,Industrial Metals,USD,6.0755,2026-04-23,0.15,0.15,12.04,12.04,2.78,2.78,19.55,19.55,7.72,7.72,25.64,25.64,,,,,,
336,DBB,Invesco DB Base Metals Fund,Total Return (ETF),Commodities,Global,Industrial Metals,USD,25.17,2026-04-23,0.6,0.6,10.54,10.54,3.67,3.67,20.2,20.2,9.39,9.39,41.44,41.44,,,,,,
337,CC=F,Cocoa,Price Return (Index),Commodities,Global,Agriculture,USD,3369.0,2026-04-23,0.06,0.06,4.14,4.14,-19.8,-19.8,-46.85,-46.85,-42.62,-42.62,-62.99,-62.99,,,,,,
338,KC=F,Coffee (Arabica),Price Return (Index),Commodities,Global,Agriculture,USD,3.1635,2026-04-23,6.71,6.71,-0.47,-0.47,-9.85,-9.85,-22.87,-22.87,-11.46,-11.46,-19.38,-19.38,,,,,,
339,ZC=F,Corn,Price Return (Index),Commodities,Global,Agriculture,USD,4.555,2026-04-23,1.56,1.56,-1.51,-1.51,5.81,5.81,6.43,6.43,4.11,4.11,-3.5,-3.5,,,,,,
340,CT=F,Cotton No. 2,Price Return (Index),Commodities,Global,Agriculture,USD,0.768,2026-04-23,1.45,1.45,13.58,13.58,20.36,20.36,19.87,19.87,19.98,19.98,11.71,11.71,,,,,,
341,DBA,Invesco DB Agriculture Fund,Total Return (ETF),Commodities,Global,Agriculture,USD,27.4,2026-04-23,1.07,1.07,1.9,1.9,6.45,6.45,5.45,5.45,7.2,7.2,5.26,5.26,,,,,,
342,LE=F,Live Cattle,Price Return (Index),Commodities,Global,Agriculture,USD,2.4707,2026-04-23,-1.29,-1.29,4.97,4.97,5.18,5.18,3.07,3.07,4.69,4.69,16.16,16.16,,,,,,
343,ZS=F,Soybeans,Price Return (Index),Commodities,Global,Agriculture,USD,11.5975,2026-04-23,-0.34,-0.34,0.41,0.41,8.62,8.62,11.01,11.01,12.65,12.65,11.49,11.49,,,,,,
344,SB=F,Sugar No. 11,Price Return (Index),Commodities,Global,Agriculture,USD,0.136,2026-04-23,-0.44,-0.44,-14.36,-14.36,-7.67,-7.67,-11.05,-11.05,-6.85,-6.85,-24.19,-24.19,,,,,,
345,ZW=F,Wheat,Price Return (Index),Commodities,Global,Agriculture,USD,6.1075,2026-04-23,2.05,2.05,3.52,3.52,15.34,15.34,19.05,19.05,20.58,20.58,15.62,15.62,,,,,,
346,DBC,Invesco DB Commodity Index Fund,Total Return (ETF),Commodities,Global,Broad,USD,29.89,2026-04-23,2.68,2.68,5.84,5.84,23.61,23.61,35.27,35.27,33.5,33.5,46.22,46.22,,,,,,
347,CMOD.L,L&G All Commodities UCITS ETF,Total Return (ETF),Commodities,Global,Commodity,GBP,33.3775,2026-04-23,3.95,3.79,5.13,5.83,13.36,12.07,29.0,30.73,25.7,26.0,38.14,40.65,,,,,,
348,PIORECRUSDM,Iron Ore (World Bank Price Index),FRED,Commodities,Global,Industrial Metals,USD,107.5773,2026-03-01,0.0,0.0,6.55,6.55,-0.01,-0.01,1.1,1.1,0.12,0.12,3.79,3.79,,,,,,
349,BTC-USD,Bitcoin,Price Return (Index),Crypto,Global,nan,USD,78268.9531,2026-04-23,4.15,4.15,10.99,10.99,-12.55,-12.55,-28.89,-28.89,-11.79,-11.79,-16.47,-16.47,,,,,,
350,ETH-USD,Ethereum,Price Return (Index),Crypto,Global,nan,USD,2331.5139,2026-04-23,-0.73,-0.73,8.16,8.16,-21.05,-21.05,-39.54,-39.54,-22.29,-22.29,29.81,29.81,,,,,,
351,^GVZ,CBOE GVZ - Gold Volatility Index,Price Return (Index),Macro-Market Indicators,Global,Volatility,USD,27.87,2026-04-23,,,,,,,,,,,,,-0.78,-14.03,-2.14,1.19,4.07,2.64
352,^OVX,CBOE OVX - Crude Oil Volatility,Price Return (Index),Macro-Market Indicators,Global,Volatility,USD,78.67,2026-04-23,,,,,,,,,,,,,5.63,-10.67,31.03,38.21,50.27,35.11
353,^SKEW,CBOE SKEW Index,Price Return (Index),Macro-Market Indicators,North America,nan,USD,139.59,2026-04-23,,,,,,,,,,,,,-1.15,-3.04,-4.43,-14.75,-2.27,12.92
354,^VIX,CBOE VIX Volatility Index,Price Return (Index),Macro-Market Indicators,North America,nan,USD,19.31,2026-04-23,,,,,,,,,,,,,1.37,-7.64,3.22,2.01,4.8,-9.14
355,^VIX3M,CBOE VIX3M - 3-Month VIX,Price Return (Index),Macro-Market Indicators,North America,nan,USD,21.48,2026-04-23,,,,,,,,,,,,,0.71,-5.08,2.33,1.83,3.46,-6.54
356,^VIX9D,CBOE VIX9D - 9-Day VIX,Price Return (Index),Macro-Market Indicators,North America,nan,USD,18.04,2026-04-23,,,,,,,,,,,,,2.58,-10.17,3.04,1.42,6.32,-12.7
357,^VVIX,CBOE VVIX - Volatility of VIX,Price Return (Index),Macro-Market Indicators,North America,nan,USD,98.57,2026-04-23,,,,,,,,,,,,,1.77,-25.57,-3.26,-0.03,8.47,-10.45
358,^VXEFA,CBOE VXEFA - EAFE Volatility,Price Return (Index),Macro-Market Indicators,North America,nan,USD,23.52,2026-04-23,,,,,,,,,,,,,-1.05,-6.2,9.54,8.59,8.68,2.03
359,^MOVE,MOVE Index - Bond Volatility,Price Return (Index),Macro-Market Indicators,North America,nan,USD,67.7,2026-04-23,,,,,,,,,,,,,1.81,-35.31,11.45,-6.35,5.34,-48.9
